id,commence_time,home_team,away_team,fg_spread,fg_total,fg_ml_home,fg_ml_away,h1_spread,h1_total,h1_ml_home,h1_ml_away,q1_spread,q1_total,alt_spread_min,alt_spread_max,alt_total_min,alt_total_max,fg_books,h1_books,q1_books
2c566908fd21c1179a1affda3f24b101,2025-10-22T23:10:00Z,Charlotte Hornets,Brooklyn Nets,-5.0,227.5,-200.0,165.0,-2.5,116.5,-170.0,140.0,-1.5,58.5,-29.5,20.5,203.5,253.5,11,3,3
aa92da00abef11a7ee1f773cb708d710,2025-10-22T23:10:00Z,New York Knicks,Cleveland Cavaliers,1.5,228.5,100.0,-120.0,0.5,110.5,-105.0,-115.0,0.5,55.5,-28.5,22.5,204.5,254.5,11,3,3
b6dc11956532645db427ed48107dd05b,2025-10-22T23:10:00Z,Orlando Magic,Miami Heat,-8.0,216.5,-355.0,280.0,-4.5,110.5,-250.0,195.0,-2.5,55.5,-32.5,17.5,192.5,242.5,11,3,3
cf5a3b9aeb20f4bc8fc824f2e84ce67f,2025-10-22T23:40:00Z,Atlanta Hawks,Toronto Raptors,-5.5,236.0,-225.0,184.0,-3.0,114.5,-180.0,148.0,-1.5,57.5,-30.5,19.5,210.5,260.5,11,3,3
13917a414157bda81dd6b417d440e1a6,2025-10-22T23:40:00Z,Boston Celtics,Philadelphia 76ers,-2.0,227.5,-135.0,113.0,-0.5,117.0,-129.0,105.0,-0.5,58.5,-26.5,23.5,202.5,252.5,11,3,3
89733f00ce9f9896e48c1e0e9b45048e,2025-10-23T00:10:00Z,Chicago Bulls,Detroit Pistons,4.0,233.5,143.0,-170.0,2.0,119.5,125.0,-150.0,1.0,60.0,-20.5,29.5,208.5,258.5,11,3,3
a8db154fca88077a84df28acdd7d2f5a,2025-10-23T00:10:00Z,Memphis Grizzlies,New Orleans Pelicans,-4.5,238.5,-185.0,156.0,-2.5,115.5,-160.0,135.0,-1.5,58.0,-29.5,20.5,211.5,261.5,11,3,3
61f18a914904dd9e20703519f00edf24,2025-10-23T00:10:00Z,Milwaukee Bucks,Washington Wizards,-9.5,228.0,-430.0,330.0,-5.5,117.5,-275.0,226.0,-2.5,58.5,-34.5,15.5,203.5,253.5,11,3,3
dfa56bede06bbf73e18d8c019c3e5626,2025-10-23T01:10:00Z,Utah Jazz,Los Angeles Clippers,10.5,226.0,350.0,-440.0,5.5,110.5,222.0,-275.0,2.75,55.5,-14.5,35.5,201.5,251.5,11,2,2
e9b75400f975f37c5d4c03414110530d,2025-10-23T01:40:00Z,Dallas Mavericks,San Antonio Spurs,-2.5,224.5,-145.0,120.0,-0.75,112.25,-132.0,105.5,-0.5,55.5,-27.5,22.5,200.5,250.5,11,2,1
18a8312266521477423664257e995981,2025-10-23T02:10:00Z,Portland Trail Blazers,Minnesota Timberwolves,4.0,220.0,145.0,-175.0,2.25,107.75,130.0,-158.0,1.5,53.5,-21.5,28.5,194.5,244.5,11,2,1
0042b0009547d8a7c9827977546613de,2025-10-23T02:10:00Z,Phoenix Suns,Sacramento Kings,-4.0,228.5,-178.0,150.0,-2.25,117.25,-150.0,125.0,-1.25,58.5,-28.5,21.5,203.5,253.5,11,2,2
072f959e31211e7c805451ce92a5f4e5,2025-10-23T23:40:00Z,Indiana Pacers,Oklahoma City Thunder,7.5,229.0,250.0,-325.0,,,150.0,-200.0,,,7.0,7.5,229.0,229.0,5,0,0
94f35a6d58c57801c32a564d04e32270,2025-10-24T02:10:00Z,Golden State Warriors,Denver Nuggets,1.5,232.5,-110.0,-110.0,,,-115.0,-115.0,,,1.0,1.5,233.0,233.0,5,0,0
600dfc9979b72eeef44b5545ba9fe18f,2025-10-24T23:30:00Z,New York Knicks,Boston Celtics,-6.5,226.5,-278.0,222.0,,,,,,,-6.5,-6.5,226.5,226.5,3,0,0
5c3141a83aab2381b9837f56079156fd,2025-10-27T23:00:00Z,Detroit Pistons,Cleveland Cavaliers,1.5,228.5,101.0,-121.0,,,-105.0,-125.0,,,1.5,1.5,228.5,228.5,2,0,0
3a6b0d7961360bd22e31e59ea415ff57,2025-10-28T01:30:00Z,Minnesota Timberwolves,Denver Nuggets,-1.5,230.0,-121.0,101.0,,,-115.0,-115.0,,,-1.5,-1.5,230.5,230.5,2,0,0
3784e9747b97bec1c1aab8f693656f18,2025-10-31T23:00:00Z,Philadelphia 76ers,Boston Celtics,-4.5,224.5,-185.0,154.0,,,,,,,,,,,1,0,0
1269706534827fc185ca0d61405ecd99,2025-11-08T00:30:00Z,San Antonio Spurs,Houston Rockets,1.5,227.5,105.0,-125.0,,,,,,,,,,,1,0,0
930e0687ebe1ad6186e1db0d88fe7f4a,2025-11-08T03:00:00Z,Denver Nuggets,Golden State Warriors,-5.5,232.5,-230.0,190.0,,,,,,,,,,,1,0,0
63016986bd7402f9433def9ec4be4fe1,2025-11-15T00:00:00Z,New York Knicks,Miami Heat,-9.5,218.5,-500.0,380.0,,,,,,,,,,,1,0,0
46fc9b98835561f7bfa81c7275b3ed37,2025-11-15T02:30:00Z,San Antonio Spurs,Golden State Warriors,-1.5,229.5,-110.0,-110.0,,,,,,,,,,,1,0,0
58c5d4f9449efc54b2a2ceb71ca6878b,2025-11-22T00:00:00Z,Cleveland Cavaliers,Indiana Pacers,-9.5,227.5,-550.0,410.0,,,,,,,,,,,1,0,0
8162993fb172c214bf7e7338079a0e79,2025-11-22T02:30:00Z,Houston Rockets,Denver Nuggets,-3.5,230.5,-155.0,130.0,,,,,,,,,,,1,0,0
a43d5e85ccdf728d56f44bfda12b9d06,2025-11-26T01:00:00Z,Philadelphia 76ers,Orlando Magic,1.5,217.5,-102.0,-118.0,,,,,,,,,,,1,0,0
b7209d3aae71bb2dc1ca8f9412a95a4a,2025-11-26T04:00:00Z,Los Angeles Lakers,Los Angeles Clippers,-1.5,222.5,-110.0,-110.0,,,,,,,,,,,1,0,0
e69335f9f4054ca683c7219dabdeac53,2025-11-26T22:00:00Z,Boston Celtics,Detroit Pistons,-1.5,227.5,-115.0,-105.0,,,,,,,,,,,1,0,0
63748218430054c9c947b1beeab351c9,2025-11-27T00:30:00Z,Oklahoma City Thunder,Minnesota Timberwolves,-8.5,225.5,-375.0,295.0,,,,,,,,,,,1,0,0
c728773fb406fb68e411f28e838ef9ed,2025-11-27T03:00:00Z,Golden State Warriors,Houston Rockets,1.5,224.5,-105.0,-115.0,,,,,,,,,,,1,0,0
7352c74ba8dbdb543d750f378fc002d5,2025-11-29T00:30:00Z,New York Knicks,Milwaukee Bucks,-5.5,225.5,-258.0,210.0,,,,,,,,,,,1,0,0
78aabf080c02d6b74d6d5a15ae2d2a81,2025-11-29T03:00:00Z,Los Angeles Lakers,Dallas Mavericks,-6.5,226.5,-278.0,225.0,,,,,,,,,,,1,0,0
f557c9173a46a3c7c87afb4bd68f6644,2025-12-25T17:00:00Z,New York Knicks,Cleveland Cavaliers,-2.5,229.25,-142.5,116.0,,,,,,,-2.5,-2.0,,,6,0,0
4ca0a40cec306fd9a3c9b36b1e76500e,2025-12-25T19:30:00Z,Oklahoma City Thunder,San Antonio Spurs,-9.5,228.5,-420.0,320.0,,,,,,,-9.5,-9.0,,,6,0,0
9010f7d8f26d5880c63b67355800f997,2025-12-25T22:00:00Z,Golden State Warriors,Dallas Mavericks,-4.5,226.5,-198.0,159.0,,,,,,,-5.0,-4.5,,,6,0,0
d54afb5b752a199f93e39afc2b39d091,2025-12-26T01:00:00Z,Los Angeles Lakers,Houston Rockets,-2.5,225.0,-143.0,112.0,,,,,,,,,,,5,0,0
6b9d46fb1b22af30b771b5f6b8a4c6f8,2025-12-26T03:30:00Z,Denver Nuggets,Minnesota Timberwolves,-4.75,229.75,-213.5,170.0,,,,,,,-4.5,-4.0,,,6,0,0
60b04efecd19028a2eb20c81649abaf1,2026-01-19T18:00:00Z,Atlanta Hawks,Milwaukee Bucks,-4.5,233.5,-218.0,180.0,,,,,,,,,,,1,0,0
d9b1ce3cf25e2645fdb24e89d4f1a38e,2026-01-19T19:30:00Z,Cleveland Cavaliers,Oklahoma City Thunder,-1.5,229.5,-112.0,-108.0,,,,,,,,,,,1,0,0
e7f04ed48f026208a6d078b5b3bc118b,2026-01-19T22:00:00Z,New York Knicks,Dallas Mavericks,-6.5,227.5,-258.0,210.0,,,,,,,,,,,1,0,0
df230babfc6ef1362f740fbb16136e77,2026-01-20T01:00:00Z,Detroit Pistons,Boston Celtics,-4.5,227.5,-198.0,164.0,,,,,,,,,,,1,0,0
2115811d6d5915d1d9ab317396776cf7,2025-10-24T23:00:00Z,Orlando Magic,Atlanta Hawks,-5.5,228.5,-242.0,193.5,,,,,,,-5.5,-5.5,228.5,228.5,4,0,0
af723c8d13c83ededaa33a065f24a5be,2025-10-24T23:30:00Z,Brooklyn Nets,Cleveland Cavaliers,12.5,227.5,587.5,-875.0,,,,,,,12.5,12.5,227.5,227.5,4,0,0
6f4f9851f7634f0b452c9153373deddf,2025-10-24T23:30:00Z,Toronto Raptors,Milwaukee Bucks,-1.5,229.5,-121.0,100.5,,,,,,,-1.5,-1.5,229.5,229.5,4,0,0
fb2728391a56d2d12e9375729e1d428b,2025-10-25T00:00:00Z,Houston Rockets,Detroit Pistons,-5.75,226.5,-250.0,202.5,,,,,,,-6.0,-6.0,226.5,226.5,4,0,0
934882eaef004213b7cf42357bfbb44f,2025-10-25T00:00:00Z,Memphis Grizzlies,Miami Heat,-4.75,232.5,-202.5,167.5,,,,,,,-5.0,-5.0,232.5,232.5,4,0,0
6509e75f3d3674a5cdd2cf12d4031b7c,2025-10-25T00:00:00Z,New Orleans Pelicans,San Antonio Spurs,1.5,230.5,105.0,-125.0,,,,,,,1.5,1.5,230.5,230.5,3,0,0
baa2506d4f166945e10f4f6995fb78ae,2025-10-25T00:30:00Z,Dallas Mavericks,Washington Wizards,-12.5,227.5,-1100.0,700.0,,,,,,,-12.5,-12.5,227.5,227.5,4,0,0
f0f386295d750ba657ca31c569493eb1,2025-10-25T02:00:00Z,Portland Trail Blazers,Golden State Warriors,1.5,226.5,101.5,-122.5,,,,,,,1.5,1.5,226.5,226.5,4,0,0
00eb7e982d3c341cdc68795c73d901e1,2025-10-25T02:00:00Z,Los Angeles Lakers,Minnesota Timberwolves,1.5,224.0,-108.0,-112.0,0.5,108.5,104.0,-128.0,0.5,54.5,-25.5,24.5,195.5,245.5,3,1,1
3b370cb6a9f1c935bc68cbe2e1866d21,2025-10-25T02:00:00Z,Sacramento Kings,Utah Jazz,-3.75,232.5,-175.0,145.0,,,,,,,-4.0,-4.0,232.5,232.5,4,0,0
5672262c6a3f8d7950dfe370f1146822,2025-10-25T02:30:00Z,Los Angeles Clippers,Phoenix Suns,-9.5,228.5,-455.0,347.5,,,,,,,-9.5,-9.5,228.5,228.5,4,0,0
d379236fc25b400809e8ba44f3b7bcb5,2025-10-25T23:00:00Z,Orlando Magic,Chicago Bulls,-6.0,233.5,-235.0,195.0,-3.5,113.0,-185.0,145.5,-1.5,56.5,-30.5,19.5,207.5,257.5,11,1,1
16b697ea8401211dcb40a35f12b52b21,2025-10-25T23:30:00Z,Atlanta Hawks,Oklahoma City Thunder,6.5,236.0,210.0,-256.0,3.5,114.5,152.0,-196.0,1.5,57.5,-18.5,31.5,210.5,260.5,11,1,1
8b2cda93b74c6d4fcff41df81381eaa7,2025-10-25T23:40:00Z,Philadelphia 76ers,Charlotte Hornets,-5.0,234.5,-200.0,170.0,-2.5,113.5,-171.5,135.5,-1.5,57.5,-30.5,19.5,209.5,259.5,11,1,1
2ef029bf85c7722eb25b2f40e9bfffba,2025-10-26T00:10:00Z,Memphis Grizzlies,Indiana Pacers,1.5,238.0,105.0,-125.0,-0.5,115.5,-110.0,-110.0,-0.5,57.5,-22.5,27.5,212.5,262.5,11,1,1
4363c18037d5a036ba50719163a6fd75,2025-10-26T02:00:00Z,Denver Nuggets,Phoenix Suns,-13.0,232.5,-835.0,575.0,-7.5,120.5,-355.0,270.0,-4.5,60.5,-38.5,11.5,209.5,259.5,11,1,1
8d848647dbb99720c5e9a8d6b6a1b4b5,2025-10-26T18:10:00Z,San Antonio Spurs,Brooklyn Nets,-11.0,228.0,-622.5,450.0,-6.5,116.0,-330.0,240.0,-3.0,58.0,-36.5,13.5,202.5,252.5,11,3,3
5576790fe7926d304297579d026403b8,2025-10-26T19:30:00Z,Detroit Pistons,Boston Celtics,-3.5,227.5,-160.0,135.0,-2.0,116.5,-145.0,120.0,-1.0,58.0,-28.5,21.5,203.5,253.5,11,3,3
5d36d3c7974e1c7b367055baace056bb,2025-10-26T22:00:00Z,Cleveland Cavaliers,Milwaukee Bucks,-6.5,236.5,-250.0,206.0,-3.0,119.5,-190.0,154.0,-1.5,60.0,-31.5,18.5,210.5,260.5,11,3,3
e2aa7ba505c1d05c36fb31ae24fc2948,2025-10-26T22:00:00Z,Miami Heat,New York Knicks,2.5,228.5,123.5,-145.0,1.5,117.0,106.0,-140.0,0.5,58.5,-22.5,27.5,204.5,254.5,11,3,3
f55021b0ef635f12075e4b3429c45467,2025-10-26T22:10:00Z,Washington Wizards,Charlotte Hornets,-2.0,236.5,-125.5,107.0,-0.5,114.5,-129.0,102.0,-0.5,57.5,-27.5,22.5,211.5,261.5,11,2,1
fd47ef6fcfc96cb2f8f18e7bf76a6b92,2025-10-26T23:10:00Z,Minnesota Timberwolves,Indiana Pacers,-12.5,228.5,-610.0,440.0,-7.25,110.5,-357.5,260.0,-3.5,55.5,-37.5,12.5,203.5,253.5,11,2,1
a66ea4e726536901dfbed1d594c17f48,2025-10-26T23:40:00Z,Dallas Mavericks,Toronto Raptors,-1.0,231.5,-115.0,-105.0,-0.5,113.0,-120.0,-105.0,-0.5,57.0,-26.5,23.5,205.5,255.5,11,3,3
314bcd3de3454494ecb012ef351bcb41,2025-10-27T01:00:00Z,Los Angeles Clippers,Portland Trail Blazers,-7.5,226.5,-310.0,246.5,-4.25,111.5,-210.0,168.0,-1.5,55.5,-32.5,17.5,202.5,252.5,11,2,1
a4efdcc341a83975b83143047913aebb,2025-10-27T01:00:00Z,Sacramento Kings,Los Angeles Lakers,2.0,229.5,112.0,-134.0,1.25,118.5,106.0,-130.0,0.5,59.5,-23.5,26.5,205.5,255.5,11,2,1
f834a7893399a1848cb2572a2fbd03a8,2025-10-27T23:00:00Z,Philadelphia 76ers,Orlando Magic,5.0,226.5,162.5,-195.0,2.5,116.25,130.0,-165.0,1.5,58.5,-20.5,29.5,201.5,251.5,10,2,2
1e70cdfd00bfa5e08be3e030eebc8d39,2025-10-28T00:00:00Z,Chicago Bulls,Atlanta Hawks,1.5,241.5,100.0,-120.0,0.5,124.0,0.0,-120.0,0.5,62.0,-23.5,26.5,216.5,266.5,10,2,2
f5abc2b5aedbb8014bd140afacef4311,2025-10-28T00:00:00Z,New Orleans Pelicans,Boston Celtics,-2.5,232.5,-140.0,118.0,-1.25,119.0,-131.0,109.0,-0.5,59.25,-27.5,22.5,207.5,257.5,10,2,2
3bb045e8e56483e4687e2aad7fc77870,2025-10-28T00:00:00Z,Houston Rockets,Brooklyn Nets,-15.75,226.0,-1300.0,800.0,-9.0,116.0,-490.0,355.0,-4.75,58.0,-41.5,8.5,200.5,250.5,10,2,2
fea9b1300b0006641e6f50a613e58f88,2025-10-28T00:00:00Z,San Antonio Spurs,Toronto Raptors,-5.5,233.0,-219.5,178.5,-2.75,114.0,-173.5,145.0,-1.5,57.25,-30.5,19.5,207.5,257.5,10,2,2
5a01ca5161a08c4d7865032145759b36,2025-10-28T00:40:00Z,Dallas Mavericks,Oklahoma City Thunder,7.5,226.5,255.0,-321.0,4.5,109.5,164.0,-205.0,2.5,54.5,-17.5,32.5,201.5,251.5,10,1,1
f645a1acc849e1c50a8ed5f4b164fe76,2025-10-28T01:00:00Z,Utah Jazz,Phoenix Suns,1.5,233.5,100.0,-120.0,0.75,120.0,1.5,-122.5,0.5,60.0,-23.5,26.5,208.5,258.5,10,2,2
a3c68330f0966b1febd54c6e5a7fb538,2025-10-28T02:00:00Z,Golden State Warriors,Memphis Grizzlies,-8.25,239.0,-330.0,264.0,-4.5,115.5,-225.0,180.0,-2.5,57.5,-33.5,16.5,213.5,263.5,10,1,1
79259d20c4c76b29a9886513796aa4b6,2025-10-28T02:40:00Z,Los Angeles Lakers,Portland Trail Blazers,2.5,225.5,118.5,-141.0,1.5,115.5,110.0,-134.0,0.5,58.5,-22.5,27.5,199.5,249.5,10,1,1
63ab8484a1039d9477789c806081e3b0,2025-10-28T23:10:00Z,Washington Wizards,Philadelphia 76ers,4.5,237.5,150.0,-180.0,2.5,122.5,127.0,-161.0,0.5,61.5,-19.5,30.5,212.5,262.5,11,1,1
070ca82391365631462414ecb4a0d327,2025-10-28T23:30:00Z,Miami Heat,Charlotte Hornets,-6.0,240.5,-225.0,185.0,-3.5,117.0,-183.0,143.5,-1.5,58.5,-30.5,19.5,212.5,262.5,11,1,1
7ea345d53aa2064f3f044ec8bbcbd6d6,2025-10-29T00:00:00Z,Milwaukee Bucks,New York Knicks,1.5,228.5,102.0,-123.0,0.5,117.5,-105.0,-115.0,0.5,58.5,-23.5,26.5,203.5,253.5,11,1,1
ea4f6c0b7a0e21924abaf63cea728740,2025-10-29T00:10:00Z,Oklahoma City Thunder,Sacramento Kings,-10.5,227.5,-503.0,375.0,-5.5,117.5,-265.0,210.0,-3.5,58.5,-35.5,14.5,202.5,252.5,11,1,1
34d6f71a0551df167b69000fb92694bf,2025-10-29T03:00:00Z,Golden State Warriors,Los Angeles Clippers,1.5,223.5,105.0,-125.0,0.5,112.3,-106.0,-114.0,0.5,56.5,-23.5,26.5,199.5,249.5,11,1,1
57e3377b13023bef975593b02eb5081b,2025-10-29T22:40:00Z,Toronto Raptors,Houston Rockets,5.5,232.5,182.0,-215.0,2.5,113.5,139.0,-175.0,1.5,56.5,-18.5,31.5,9.5,256.5,11,1,1
757e322d4beb7cad125cdcb50af7e897,2025-10-29T23:10:00Z,Boston Celtics,Cleveland Cavaliers,3.5,233.5,140.0,-166.0,1.5,113.0,115.0,-147.0,0.5,56.5,-20.5,29.5,8.5,256.5,11,1,1
4be505ae223e96b80b5740f1b63d5fb1,2025-10-29T23:10:00Z,Detroit Pistons,Orlando Magic,1.0,226.5,-103.0,-116.0,-0.5,116.5,-112.5,-112.5,0.5,58.5,-23.5,26.5,11.5,250.5,11,1,1
be5bbb2072acd064ea89986770cd80a8,2025-10-29T23:30:00Z,Brooklyn Nets,Atlanta Hawks,8.0,237.5,263.0,-325.0,4.5,122.5,168.5,-220.0,2.5,61.5,-16.5,33.5,8.5,263.5,11,1,1
e66b88ac0b2ccfeadea1f527c8e4be19,2025-10-30T00:10:00Z,Chicago Bulls,Sacramento Kings,-5.0,237.5,-198.0,165.0,-2.5,122.5,-162.0,132.0,-1.5,61.5,-29.5,20.5,16.5,261.5,11,1,1
be8fdc23284b02198349091c5ca89f27,2025-10-30T00:30:00Z,Dallas Mavericks,Indiana Pacers,-7.0,228.5,-278.0,225.0,-3.5,110.5,-188.0,152.0,-2.5,55.5,-32.5,17.5,9.5,251.5,11,1,1
61a914d31cb3515795c38dfb8eea0c6f,2025-10-30T01:00:00Z,Denver Nuggets,New Orleans Pelicans,-13.0,235.5,-750.0,525.0,-7.5,114.5,-355.0,270.0,-3.5,57.5,-37.5,12.5,9.5,261.5,11,1,1
64bacd75d6b10d1a28a258e54969b626,2025-10-30T01:00:00Z,Utah Jazz,Portland Trail Blazers,2.5,233.5,118.0,-139.0,0.5,119.5,104.0,-128.0,0.5,60.5,-22.5,27.5,10.5,257.5,11,1,1
60effa739f7ed7668a29e0eff32f376e,2025-10-30T01:40:00Z,Minnesota Timberwolves,Los Angeles Lakers,-7.0,223.5,-275.0,226.0,-3.5,114.5,-194.0,156.0,-1.5,57.5,-31.5,18.5,8.5,249.5,11,1,1
0150cdf67f18ee09b2207c17bd502b3d,2025-10-30T02:10:00Z,Phoenix Suns,Memphis Grizzlies,1.5,241.0,104.0,-123.0,0.5,124.5,-104.0,-118.0,0.5,62.5,-25.5,24.5,9.5,264.5,11,1,1
b78f6d6fe15954720b8ef730eb5c0e30,2025-10-30T23:10:00Z,Charlotte Hornets,Orlando Magic,3.0,241.5,125.0,-145.0,1.5,123.5,104.5,-134.0,0.5,61.5,-22.5,27.5,10.5,265.5,11,1,1
2166a42183ae3ca4c38f7ff9d12e4e9d,2025-10-31T00:10:00Z,Milwaukee Bucks,Golden State Warriors,2.5,232.0,122.0,-145.0,1.5,113.5,106.0,-130.0,0.5,57.5,-22.5,27.5,7.5,256.5,11,1,1
e129914bd4795981a6640a32e0db5f0f,2025-10-31T00:10:00Z,Oklahoma City Thunder,Washington Wizards,-15.5,231.5,-1100.0,700.0,-9.5,119.5,-430.0,320.0,-4.5,59.5,-39.5,10.5,8.5,257.5,11,1,1
d5a85890cd896ef217bea5f432e4a503,2025-10-31T00:30:00Z,San Antonio Spurs,Miami Heat,-5.5,231.5,-225.0,185.0,-2.5,119.5,-170.0,138.0,-1.5,59.5,-30.5,19.5,9.5,257.5,11,1,1
ea886ac9a60e20c549a0e74bc60aa4cc,2025-10-31T23:00:00Z,Indiana Pacers,Atlanta Hawks,2.5,229.5,124.0,-148.0,,,,,,,,,,,1,0,0
7a51e863b793a95f2c4359790aea2172,2025-10-31T23:30:00Z,Cleveland Cavaliers,Toronto Raptors,-8.5,234.5,-395.0,310.0,,,,,,,,,,,1,0,0
dda8c805aac91a7a454acbfdf2ee3ed1,2025-11-01T00:00:00Z,Chicago Bulls,New York Knicks,2.5,235.5,120.0,-142.0,,,,,,,,,,,1,0,0
8cf5f0182f14070fbb4decdff17134ed,2025-11-01T01:30:00Z,Memphis Grizzlies,Los Angeles Lakers,-5.5,233.5,-238.0,195.0,,,,,,,,,,,1,0,0
17245e545f4c4aa961de57270f16b2c7,2025-11-01T02:00:00Z,Portland Trail Blazers,Denver Nuggets,4.5,235.5,170.0,-205.0,,,,,,,,,,,1,0,0
a89a548bc7214404c8d7abfe85817c80,2025-11-01T02:00:00Z,Phoenix Suns,Utah Jazz,-4.5,230.5,-198.0,164.0,,,,,,,,,,,1,0,0
c06e17e4142d0a944fb49b49e0a2de6c,2025-11-01T02:30:00Z,Los Angeles Clippers,New Orleans Pelicans,-8.5,231.5,-380.0,300.0,,,,,,,,,,,1,0,0
1eb306bc928cde16b480fbf6493b53a6,2025-11-01T21:10:00Z,Milwaukee Bucks,Sacramento Kings,-5.5,232.0,-227.0,190.0,-2.5,119.5,-175.0,139.0,-1.5,59.5,-31.5,18.5,16.5,258.5,11,1,1
1f76df620a1e6d0d2a788a9defbc3b71,2025-11-01T22:10:00Z,Charlotte Hornets,Minnesota Timberwolves,5.5,229.5,180.0,-219.0,2.5,111.5,134.5,-169.5,1.5,55.5,-19.5,30.5,9.5,254.5,10,1,1
93b396908512d5c442233a73915097d7,2025-11-01T23:10:00Z,Indiana Pacers,Golden State Warriors,10.5,230.5,370.0,-493.0,5.5,112.5,210.0,-275.0,3.5,56.5,-14.5,35.5,9.5,256.5,11,1,1
30d2f5a8d2c0848e608e6d9904f7242b,2025-11-01T23:10:00Z,Washington Wizards,Orlando Magic,9.0,235.5,290.0,-370.0,4.5,121.5,177.5,-232.5,2.5,60.5,-16.5,33.5,10.5,261.5,11,1,1
b406e64442d9cccd0d36a3ff6ba0aa86,2025-11-02T00:10:00Z,Boston Celtics,Houston Rockets,6.0,225.0,185.0,-220.0,3.5,110.5,146.0,-180.0,1.5,55.5,-20.5,29.5,9.5,251.5,11,1,1
6f6b9b2f30e3b0c1289b6df52d1f5b1e,2025-11-02T02:10:00Z,Detroit Pistons,Dallas Mavericks,-8.0,222.5,-300.0,245.0,-4.5,115.5,-210.0,168.0,-2.5,57.5,-31.5,18.5,17.5,250.5,11,1,1
1abf482ad374aafd4543807af43cb242,2025-11-02T20:30:00Z,Oklahoma City Thunder,New Orleans Pelicans,-12.5,229.5,-675.0,476.0,-7.5,110.5,-370.0,270.0,-3.5,55.5,-36.5,13.5,9.5,255.5,11,1,1
d5520c148eed47ba246ad3ecf8cdf503,2025-11-02T23:00:00Z,Cleveland Cavaliers,Atlanta Hawks,-6.0,230.5,-225.0,185.0,-2.5,118.5,-175.0,139.0,-1.5,59.5,-30.5,19.5,10.5,255.5,11,1,1
32340eec3e6f948859da513d81047c24,2025-11-02T23:00:00Z,Brooklyn Nets,Philadelphia 76ers,5.5,234.5,180.0,-215.0,2.5,121.5,139.0,-175.0,1.5,60.5,-19.5,30.5,9.5,260.5,11,1,1
c48d638dc464add981a4016759f31262,2025-11-02T23:00:00Z,Charlotte Hornets,Utah Jazz,-3.0,237.0,-150.0,126.0,-1.5,114.5,-142.0,112.5,-0.5,57.5,-28.5,21.5,8.5,263.5,11,1,1
03056148fcfe2cce81e7025dae4c3dbe,2025-11-02T23:10:00Z,Toronto Raptors,Memphis Grizzlies,-5.5,238.5,-218.0,180.0,-3.5,122.5,-176.0,140.0,-1.5,61.5,-30.5,19.5,8.5,263.5,11,1,1
e565d1f4523d2d6e344e329b3f279863,2025-11-03T00:00:00Z,New York Knicks,Chicago Bulls,-7.0,234.5,-270.0,218.0,-3.5,113.5,-205.0,164.0,-2.5,57.5,-32.5,17.5,8.5,260.5,11,1,1
c6d2116d84581cd75fb1360aef5efb6e,2025-11-03T01:00:00Z,Phoenix Suns,San Antonio Spurs,6.5,227.5,201.0,-250.0,3.5,117.5,146.0,-180.0,1.5,58.5,-17.5,32.5,9.5,253.5,11,1,1
37d2920127740f016f71516a1abe38b8,2025-11-03T02:30:00Z,Los Angeles Lakers,Miami Heat,-5.0,234.5,-200.0,170.0,-2.5,121.5,-172.0,140.0,-1.5,60.5,-29.5,20.5,7.5,260.5,11,1,1
f84bf7f4a229f53b5140f09f12cf7d13,2025-11-04T00:00:00Z,Indiana Pacers,Milwaukee Bucks,6.5,235.5,195.0,-240.0,3.5,121.5,142.0,-176.0,1.5,60.5,-18.5,31.5,210.5,260.5,11,1,1
8af5977057054cf39d99326e1e0b9d01,2025-11-04T00:10:00Z,Brooklyn Nets,Minnesota Timberwolves,9.0,229.0,295.0,-375.0,5.5,110.5,186.0,-235.0,2.5,55.5,-16.5,33.5,203.5,253.5,11,1,1
08e29200254c376c5f4af4a9b18b9d24,2025-11-04T00:40:00Z,Boston Celtics,Utah Jazz,-10.5,232.5,-455.0,345.0,-5.5,112.5,-310.0,240.0,-3.5,56.5,-35.5,14.5,207.5,257.5,11,1,1
04e46146b9e692941069c7034c368d60,2025-11-04T00:40:00Z,New York Knicks,Washington Wizards,-12.0,234.5,-630.0,450.0,-7.5,120.5,-355.0,270.0,-3.5,60.5,-36.5,13.5,209.5,259.5,11,1,1
879f1b0a8b19f5e3d8a204a54045f240,2025-11-04T01:10:00Z,Houston Rockets,Dallas Mavericks,-12.5,226.0,-675.0,476.0,-7.5,116.5,-355.0,270.0,-3.5,58.5,-37.5,12.5,200.5,250.5,11,1,1
f5198a287da6bdb1b0e3c0947fdc4a79,2025-11-04T01:10:00Z,Memphis Grizzlies,Detroit Pistons,4.0,236.5,145.0,-172.0,1.5,121.5,120.0,-148.0,0.5,61.5,-20.5,29.5,211.5,261.5,11,1,1
34f945e9809f0f47a9ea3af857fd899b,2025-11-04T02:00:00Z,Denver Nuggets,Sacramento Kings,-11.5,236.5,-600.0,440.0,-7.5,121.5,-320.0,245.0,-3.5,61.5,-37.5,12.5,211.5,261.5,11,1,1
bfbd3577751f23e0d9d5d859e16a8da7,2025-11-04T03:10:00Z,Portland Trail Blazers,Los Angeles Lakers,-3.0,235.0,-155.0,130.0,-1.5,120.5,-142.0,116.0,-0.5,60.5,-28.5,21.5,208.5,258.5,10,1,1
e50117758f594f7e90bc05cb3efa86dd,2025-11-04T03:40:00Z,Los Angeles Clippers,Miami Heat,-7.75,228.5,-315.0,249.0,-4.5,118.5,-215.0,172.0,-1.5,59.5,-32.5,17.5,205.5,255.5,10,1,1
77cde06ef453172f95ed97439a2540fd,2025-11-05T00:40:00Z,Toronto Raptors,Milwaukee Bucks,-4.5,237.5,-175.0,150.0,-2.5,122.5,-160.0,130.0,-1.5,61.5,-28.5,21.5,211.5,261.5,11,1,1
aee7fe0a5478dbb097d14d02e3f563a6,2025-11-05T01:10:00Z,Atlanta Hawks,Orlando Magic,4.0,228.5,142.0,-170.0,2.5,118.5,122.0,-150.0,0.5,59.5,-22.5,27.5,203.5,253.5,11,1,1
d0cf832f822b3a6b77e7889ab1a8110b,2025-11-05T01:10:00Z,New Orleans Pelicans,Charlotte Hornets,-2.0,236.5,-130.0,110.0,-0.5,113.5,-124.0,102.0,-0.5,56.5,-26.5,23.5,209.5,259.5,11,1,1
022efc6b85eb5cf71b2fa0faea2c76a0,2025-11-05T01:10:00Z,Chicago Bulls,Philadelphia 76ers,-1.0,239.5,-115.0,-105.0,-0.5,123.5,-118.0,-104.0,-0.5,61.5,-26.5,23.5,213.5,263.5,11,1,1
c13de17fcb4b3e9c45de21f479151ed5,2025-11-05T03:10:00Z,Golden State Warriors,Phoenix Suns,-10.5,232.0,-455.0,350.0,-6.5,120.5,-265.0,210.0,-2.5,60.5,-35.5,14.5,206.5,256.5,11,1,1
56ee01cdacc4914d19da5cf5f54e28e7,2025-11-05T04:10:00Z,Los Angeles Clippers,Oklahoma City Thunder,7.0,223.5,223.0,-275.0,3.5,109.5,160.0,-200.0,2.5,54.5,-20.5,29.5,197.5,247.5,11,1,1
96b78e7dd26755609d08949297bfb101,2025-11-06T00:00:00Z,Indiana Pacers,Brooklyn Nets,-6.5,233.0,-272.0,220.0,-3.5,113.5,-188.0,152.0,-1.5,56.5,-31.5,18.5,208.5,258.5,11,1,1
b6e017bee046a5bead934ecfb5cb64db,2025-11-06T00:00:00Z,Detroit Pistons,Utah Jazz,-10.5,230.5,-500.0,364.0,-5.5,111.5,-280.0,220.0,-2.5,55.5,-35.5,14.5,205.5,255.5,11,1,1
82a6ef30859cca886863981ccbe7deb5,2025-11-06T00:10:00Z,Cleveland Cavaliers,Philadelphia 76ers,-10.0,234.0,-385.0,300.0,-6.5,120.5,-265.0,210.0,-3.5,60.5,-35.5,14.5,208.5,258.5,11,1,1
27c8840c8c45f792ac973275c9edfb49,2025-11-06T00:30:00Z,Boston Celtics,Washington Wizards,-12.0,232.0,-625.0,434.0,-7.5,119.5,-310.0,240.0,-3.5,59.5,-36.5,13.5,206.5,256.5,11,1,1
29b861ac757bdd61a335f2c275cdc839,2025-11-06T00:30:00Z,New York Knicks,Minnesota Timberwolves,-4.5,229.0,-184.0,155.0,-2.5,111.5,-164.0,134.0,-1.5,55.5,-30.5,19.5,204.5,254.5,11,1,1
17263f5888c9f26d291bc49258e68852,2025-11-06T01:00:00Z,Memphis Grizzlies,Houston Rockets,7.5,232.5,240.0,-300.0,4.5,112.5,164.0,-205.0,1.5,56.5,-17.5,32.5,207.5,257.5,11,1,1
b2f369150cdc1c8775f1be9897e53060,2025-11-06T01:40:00Z,Dallas Mavericks,New Orleans Pelicans,-7.5,227.0,-290.0,240.0,-4.5,109.5,-210.0,168.0,-2.5,55.5,-32.5,17.5,201.5,251.5,11,1,1
d4e0fbd35e825d1acf8d2fdca5b22ccd,2025-11-06T02:00:00Z,Denver Nuggets,Miami Heat,-9.5,242.5,-400.0,310.0,-5.5,124.5,-250.0,198.0,-2.5,62.5,-34.5,15.5,217.5,267.5,11,1,1
365cc68ed4c6432e32493aad00ff96ff,2025-11-06T03:00:00Z,Sacramento Kings,Golden State Warriors,-3.0,227.0,-145.0,122.0,-1.5,110.5,-140.0,112.0,-0.5,55.5,-27.5,22.5,202.5,252.5,11,1,1
4805147770e2d0ce87d72688405a6594,2025-11-06T03:00:00Z,Los Angeles Lakers,San Antonio Spurs,-2.5,228.5,-140.0,115.0,-1.5,117.5,-138.0,112.0,-0.5,58.5,-27.5,22.5,203.5,253.5,11,1,1
791675e364eb25c166c6382113c0c17f,2025-11-06T03:10:00Z,Portland Trail Blazers,Oklahoma City Thunder,5.5,229.0,183.0,-220.0,2.5,110.5,134.0,-164.0,1.5,55.5,-19.5,30.5,203.5,253.5,11,1,1
f339c535ada11624c8dcb320f9f12987,2025-11-07T02:00:00Z,Phoenix Suns,Los Angeles Clippers,-2.5,225.0,-145.0,123.0,-1.5,109.5,-128.5,103.0,-0.5,54.5,-25.5,24.5,198.5,248.5,10,1,1
8d6d8735b8939d6cf23b1a98f7ef8740,2025-11-08T00:10:00Z,Orlando Magic,Boston Celtics,-5.0,225.5,-190.0,160.0,,,,,,,,,,,1,0,0
09e34bcf1234210ced1646210034cedb,2025-11-08T00:10:00Z,Washington Wizards,Cleveland Cavaliers,11.5,234.5,390.0,-510.0,,,,,,,,,,,1,0,0
bddd57220ab1df8f5a59a5d5373b3f65,2025-11-08T00:40:00Z,Atlanta Hawks,Toronto Raptors,1.75,234.5,108.0,-128.0,,,,,,,,,,,2,0,0
a3537572cc6b1309a5cabd761612a54d,2025-11-08T00:40:00Z,Brooklyn Nets,Detroit Pistons,8.0,227.5,245.0,-300.0,,,,,,,,,,,1,0,0
86515e2c1d74b8a8233244948e07630c,2025-11-08T01:10:00Z,Milwaukee Bucks,Chicago Bulls,-4.75,243.0,-190.0,159.0,,,,,,,,,,,2,0,0
e54fb75396b2fb3c215897eee85b62b4,2025-11-08T01:10:00Z,Memphis Grizzlies,Dallas Mavericks,-3.5,228.5,-162.0,136.0,,,,,,,,,,,1,0,0
11866bc183bdd5a8a7f11a6686e4007a,2025-11-08T03:10:00Z,Sacramento Kings,Oklahoma City Thunder,8.25,227.0,280.0,-350.0,,,,,,,,,,,2,0,0
d3b14178d64172619283576c5c0db34b,2025-11-08T01:10:00Z,Miami Heat,Charlotte Hornets,-5.0,243.5,-185.0,156.0,-2.5,117.5,-158.0,128.0,-1.5,58.5,-29.5,20.5,217.5,267.5,11,1,1
7cb8b0fe1f3893802f09e60f34194847,2025-11-08T01:10:00Z,Minnesota Timberwolves,Utah Jazz,-12.0,231.5,-575.0,425.0,-7.5,111.5,-320.0,245.0,-3.5,55.5,-36.5,13.5,205.5,255.5,11,1,1
9741d920f01ab1f8dfa3433b26083a13,2025-11-09T00:10:00Z,Washington Wizards,Dallas Mavericks,3.5,229.5,140.0,-170.0,1.5,118.0,118.0,-144.0,0.5,59.5,-21.5,28.5,204.5,254.5,10,1,1
084b0e20e0e0c30eb2ab6c9b6bcc55f0,2025-11-09T00:30:00Z,Philadelphia 76ers,Toronto Raptors,-5.0,237.0,-190.0,160.0,-2.5,115.5,-170.0,138.0,-1.5,57.5,-29.5,20.5,211.5,261.5,11,1,1
bfe6efdadc57b4bdb01fdd6f1123d564,2025-11-09T01:00:00Z,Atlanta Hawks,Los Angeles Lakers,3.25,230.0,130.0,-155.5,1.5,118.5,116.0,-142.0,0.5,59.5,-21.5,28.5,205.5,255.5,10,1,1
0075d6ec419f23c1e6e3a7cc279ec2e2,2025-11-09T01:00:00Z,San Antonio Spurs,New Orleans Pelicans,-11.5,225.5,-575.0,419.0,-6.5,109.5,-310.0,240.0,-3.5,54.5,-36.5,13.5,200.5,250.5,11,1,1
3794a894ae3da0a51df7ce06f5696197,2025-11-09T01:10:00Z,Cleveland Cavaliers,Chicago Bulls,-8.5,240.0,-350.0,276.5,-4.5,116.5,-230.0,184.0,-2.5,,-33.5,16.5,215.5,265.5,11,1,1
d56ad7ea90c45af73c0840a79030cbe6,2025-11-09T01:10:00Z,Miami Heat,Portland Trail Blazers,3.0,240.5,130.0,-155.0,,,,,,,-18.5,23.5,219.5,263.5,11,0,0
d1fbcc713503883345fd07dbbefc0238,2025-11-09T02:10:00Z,Denver Nuggets,Indiana Pacers,-11.5,233.5,-600.0,440.0,-7.5,113.5,-325.0,250.0,-3.5,56.5,-36.5,13.5,208.5,258.5,11,1,1
4a51c193617f1f42b668152595a3a6f5,2025-11-09T03:30:00Z,Los Angeles Clippers,Phoenix Suns,-4.5,227.5,-185.0,155.0,-2.5,117.0,-164.0,134.0,-1.5,58.5,-29.5,20.5,202.5,252.5,10,1,1
e1126435bd892fdc20b81dc1a286a11d,2025-11-09T20:30:00Z,Milwaukee Bucks,Houston Rockets,4.0,232.0,145.0,-170.0,1.5,112.5,120.0,-154.0,0.5,56.5,-21.5,28.5,206.5,256.5,11,1,1
60e92f0ebd0d4d4dd4e206c259b1198c,2025-11-09T23:00:00Z,New York Knicks,Brooklyn Nets,-15.5,228.5,-1200.0,732.0,-9.5,118.5,-550.0,370.0,-4.5,59.5,-41.5,8.5,204.5,254.5,11,1,1
ecdb0c72077ab263b31b45332b731195,2025-11-09T23:10:00Z,Orlando Magic,Boston Celtics,-3.0,226.5,-160.0,135.0,-1.5,116.5,-145.0,114.5,-0.5,58.5,-28.5,21.5,200.5,250.5,11,1,1
563e1ce28fbf2a9fdd4cda9c12861ea6,2025-11-09T23:10:00Z,Memphis Grizzlies,Oklahoma City Thunder,10.5,233.5,400.0,-525.0,5.5,113.5,210.0,-275.0,3.5,56.5,-14.5,35.5,209.5,259.5,11,1,1
f2720b00d74d6e545c3dbbccee08d0f0,2025-11-10T00:30:00Z,Philadelphia 76ers,Detroit Pistons,3.5,232.5,135.0,-160.0,1.5,119.5,116.0,-142.0,1.5,60.5,-21.5,28.5,207.5,257.5,11,1,1
897d0135a47621fb920d0e9b7131026e,2025-11-10T01:40:00Z,Golden State Warriors,Indiana Pacers,-12.5,227.5,-714.0,500.0,-7.5,110.5,-325.0,250.0,-3.5,55.5,-38.5,11.5,202.5,252.5,11,1,1
02ea5bff59e1d511ffeefcb8593d74a0,2025-11-10T02:10:00Z,Sacramento Kings,Minnesota Timberwolves,5.5,235.0,180.0,-218.0,2.5,113.5,140.0,-172.0,1.5,57.5,-19.5,30.5,210.5,260.5,11,1,1
f2e9b932ad12be3f2f47166b3eb0d456,2025-11-11T00:00:00Z,Detroit Pistons,Washington Wizards,-11.5,235.0,-630.0,460.0,-7.5,121.5,-325.0,250.0,-3.5,60.5,-36.5,13.5,210.5,260.5,11,1,1
3f7e2359b4a5532aafa274ff22714d51,2025-11-11T00:10:00Z,Charlotte Hornets,Los Angeles Lakers,7.5,229.5,240.0,-300.0,4.5,118.5,168.0,-210.0,2.5,59.5,-17.5,32.5,204.5,254.5,11,1,1
6fb85302d766cc4bfcd431455d308748,2025-11-11T00:10:00Z,Orlando Magic,Portland Trail Blazers,-2.5,235.5,-130.0,110.0,-0.5,121.5,-130.0,106.0,-0.5,60.5,-27.5,22.5,210.5,260.5,11,1,1
bc264cf0d07f01c785e02a8b9e27f59b,2025-11-11T00:30:00Z,Miami Heat,Cleveland Cavaliers,7.5,247.0,240.0,-298.0,4.5,120.5,172.0,-215.0,2.5,60.5,-16.5,33.5,222.5,272.5,11,1,1
404b446a92bde56ee3697b9a2695e468,2025-11-11T01:10:00Z,Chicago Bulls,San Antonio Spurs,3.5,234.5,136.0,-160.0,1.5,120.5,120.0,-148.0,1.5,60.5,-21.5,28.5,209.5,259.5,11,1,1
4f07ee458d197bc2ccdcfcd9934ffc03,2025-11-11T01:30:00Z,Dallas Mavericks,Milwaukee Bucks,2.0,231.0,105.0,-125.0,0.5,119.5,100.0,-122.0,0.5,59.5,-22.5,27.5,206.5,256.5,11,1,1
eea6f48cf04bc26e631209e50a4a3af1,2025-11-11T02:00:00Z,Utah Jazz,Minnesota Timberwolves,7.5,234.0,240.0,-295.0,4.5,113.5,168.0,-210.0,2.5,56.5,-17.5,32.5,209.5,259.5,11,1,1
ed82190bf1c73a6310c46ee399696436,2025-11-11T02:10:00Z,Phoenix Suns,New Orleans Pelicans,-8.0,228.0,-320.0,250.0,-4.5,110.5,-215.0,172.0,-2.5,55.5,-32.5,17.5,203.5,253.5,11,1,1
1712f1f48109a3c9ef509a77914aaa06,2025-11-11T03:30:00Z,Los Angeles Clippers,Atlanta Hawks,-4.5,222.0,-180.0,150.0,-2.5,114.5,-154.0,126.0,-0.5,57.5,-29.5,20.5,197.5,247.5,11,1,1
24de1e032f1519e144f30fc6f43079b4,2025-11-12T00:30:00Z,Brooklyn Nets,Toronto Raptors,10.5,233.5,350.0,-455.0,5.5,113.5,210.0,-265.0,3.5,56.5,-15.5,34.5,208.5,258.5,11,1,1
67f8d60e11df6ab3af7c3c43c15ad6bb,2025-11-12T00:30:00Z,New York Knicks,Memphis Grizzlies,-9.5,234.0,-405.0,320.0,-5.5,120.0,-260.0,205.0,-2.5,60.5,-34.5,15.5,208.5,258.5,11,1,1
27dd6a6f0a3c64d4bf137c426f93c530,2025-11-12T01:00:00Z,Philadelphia 76ers,Boston Celtics,-2.0,232.5,-133.0,110.0,-0.5,119.0,-122.0,100.0,-0.5,59.5,-26.5,23.5,206.5,256.5,11,1,1
531fd3384c3ec81f9734480d6a0b755a,2025-11-12T01:00:00Z,Oklahoma City Thunder,Golden State Warriors,-7.5,228.5,-300.0,237.0,-4.5,110.5,-205.0,164.0,-2.5,55.5,-32.5,17.5,202.5,252.5,11,1,1
3e9ff8cc7c27a9e791ef15809ccd4721,2025-11-12T02:00:00Z,Utah Jazz,Indiana Pacers,2.0,231.5,115.0,-135.0,1.5,112.5,110.0,-134.0,0.5,56.5,-23.5,26.5,205.5,255.5,11,1,1
f19ce23e75993dd4dcc0df28615fafd1,2025-11-12T04:00:00Z,Sacramento Kings,Denver Nuggets,8.5,242.5,279.0,-350.0,4.5,123.5,180.0,-225.0,2.5,61.5,-16.5,33.5,217.5,267.5,10,1,1
9f3293867873f1f9e28d67fe3301a0fd,2025-11-13T00:10:00Z,Charlotte Hornets,Milwaukee Bucks,6.0,232.5,183.0,-220.0,3.5,119.5,144.0,-178.0,1.5,59.5,-19.5,30.5,207.5,257.5,11,1,1
77349df7a7d73953f39694692eef6e51,2025-11-13T00:10:00Z,Detroit Pistons,Chicago Bulls,-2.5,234.5,-140.0,120.0,-1.5,113.5,-132.0,108.0,-0.5,56.5,-27.5,22.5,208.5,258.5,11,1,1
8b5034a318296da7b71c659bc444df9e,2025-11-13T00:10:00Z,New York Knicks,Orlando Magic,-3.5,228.5,-180.0,150.0,-1.5,117.5,-148.0,120.0,-1.5,58.5,-28.5,21.5,202.5,252.5,11,1,1
059c428bc060a5272ce5a7b6771a3ceb,2025-11-13T00:40:00Z,Boston Celtics,Memphis Grizzlies,-6.5,229.5,-258.0,210.0,-3.5,118.5,-192.0,154.0,-1.5,59.5,-31.5,18.5,205.5,255.5,11,1,1
599d6d0dfc057f6a643eca118d8a87a4,2025-11-13T00:40:00Z,Miami Heat,Cleveland Cavaliers,-6.5,238.5,-225.0,185.0,-3.5,115.5,-170.0,138.0,-1.5,58.5,-30.5,19.5,213.5,263.5,11,1,1
32773ff9ab98d08e5e876d281599d696,2025-11-13T01:10:00Z,San Antonio Spurs,Golden State Warriors,-4.5,229.5,-188.0,160.0,-2.5,110.5,-152.0,124.0,-1.5,55.5,-29.5,20.5,203.5,253.5,11,1,1
cd62575c8246f92d081feba8f01addcf,2025-11-13T01:10:00Z,Houston Rockets,Washington Wizards,-16.5,234.5,-1600.0,887.0,-9.5,120.5,-500.0,360.0,-4.5,60.5,-41.5,8.5,208.5,258.5,10,1,1
26cc3cb8ab41744f98362d3f18a9869d,2025-11-13T01:10:00Z,New Orleans Pelicans,Portland Trail Blazers,8.0,231.5,270.0,-345.0,4.5,119.5,184.0,-230.0,2.5,59.5,-16.5,33.5,206.5,256.5,11,1,1
0323223bc8d4e97d8d2e6cec15816e58,2025-11-13T01:40:00Z,Dallas Mavericks,Phoenix Suns,0.0,227.5,-110.0,-110.0,-0.5,117.5,-114.0,-105.0,0.5,58.5,-25.5,24.5,202.5,252.5,11,1,1
1486b350f051e9869429f2985a7ef2d0,2025-11-13T02:40:00Z,Oklahoma City Thunder,Los Angeles Lakers,-7.0,229.5,-278.0,223.0,-4.5,118.5,-210.0,168.0,-1.5,59.5,-31.5,18.5,204.5,254.5,11,1,1
f8a89fe8b901db77b42bf0af6534e52d,2025-11-13T03:10:00Z,Sacramento Kings,Atlanta Hawks,3.5,234.0,140.0,-162.0,1.5,120.5,118.0,-144.0,1.5,60.5,-20.5,29.5,208.5,258.5,11,1,1
0f7d4c705cff031299459d2240144e76,2025-11-13T03:40:00Z,Los Angeles Clippers,Denver Nuggets,3.0,225.5,127.5,-150.0,1.5,116.5,112.0,-140.0,0.5,58.5,-22.5,27.5,200.5,250.5,11,1,1
79db13d01456b1f6d86ba8c25c83c765,2025-11-14T00:10:00Z,Cleveland Cavaliers,Toronto Raptors,-7.5,240.0,-300.0,240.0,-4.5,116.5,-210.0,168.0,-2.5,58.5,-32.5,17.5,215.5,265.5,11,1,1
71660f977b7bf30f2a30794e936a3f61,2025-11-14T02:10:00Z,Utah Jazz,Atlanta Hawks,2.5,233.0,115.0,-135.0,1.5,120.5,108.0,-132.0,0.5,60.5,-22.5,27.5,208.5,258.5,11,1,1
e11cbb23685bc3bd5b4336ec7e390531,2025-11-14T02:10:00Z,Phoenix Suns,Indiana Pacers,-4.5,234.0,-180.0,150.0,-2.5,112.5,-152.0,124.0,-1.5,56.5,-29.5,20.5,205.5,256.5,11,1,1
b042c1ffa4d1465733e453db2b3beacc,2025-11-15T00:10:00Z,Orlando Magic,Brooklyn Nets,-14.0,224.5,-900.0,600.0,-7.5,115.5,-355.0,270.0,-4.5,57.5,-38.5,11.5,200.5,250.5,11,1,1
eac240dfaaa6377457daa36ac01b777e,2025-11-15T00:40:00Z,Detroit Pistons,Philadelphia 76ers,-5.5,232.5,-218.0,180.0,-2.5,119.5,-176.0,142.0,-1.5,59.5,-30.5,19.5,207.5,257.5,11,1,1
ab89cda07f21ecec76a5b461174ec380,2025-11-15T01:10:00Z,Milwaukee Bucks,Charlotte Hornets,-9.5,240.0,-410.0,320.0,-5.5,116.5,-250.0,198.0,-2.5,58.5,-34.5,15.5,215.5,265.5,11,1,1
e8dd245278646c0b7835609c0d04c4a5,2025-11-15T01:10:00Z,Houston Rockets,Portland Trail Blazers,-8.0,236.0,-340.0,270.0,-4.5,121.5,-215.0,172.0,-2.5,60.5,-32.5,17.5,210.5,260.5,11,1,1
5d2bab71b12e005da1a9491834c945dc,2025-11-15T01:10:00Z,New Orleans Pelicans,Los Angeles Lakers,10.0,228.5,360.0,-470.0,6.5,117.5,220.0,-280.0,2.5,58.5,-14.5,35.5,203.5,253.5,11,1,1
2a534db0689c24c8b50c65bd9e0d2c82,2025-11-15T01:10:00Z,Minnesota Timberwolves,Sacramento Kings,-11.5,240.0,-600.0,450.0,-7.5,123.5,-325.0,250.0,-4.5,62.5,-37.5,12.5,215.5,265.5,11,1,1
b7f9aeee1ae7391cf1271b7589f779aa,2025-11-15T01:40:00Z,Dallas Mavericks,Los Angeles Clippers,3.5,219.5,136.0,-160.0,2.5,106.0,128.0,-158.0,0.5,53.5,-20.5,29.5,194.5,244.5,11,1,1
6cfe378a18675db378f3fcfa4861fa4c,2025-11-15T22:10:00Z,Cleveland Cavaliers,Memphis Grizzlies,-10.5,238.5,-520.0,384.0,-6.5,122.5,-275.0,210.0,-3.5,61.5,-35.5,14.5,213.5,263.5,11,1,1
487e7f4cbc287a6a3d1851600ff450ab,2025-11-16T00:10:00Z,Charlotte Hornets,Oklahoma City Thunder,15.5,227.5,825.0,-1400.0,8.5,111.5,310.0,-420.0,4.5,55.5,-9.5,40.5,204.5,254.5,11,1,1
e9059827f4e5f8d7061aea311c337ab8,2025-11-16T00:10:00Z,Indiana Pacers,Toronto Raptors,7.5,233.5,240.0,-300.0,4.5,113.5,172.0,-215.0,2.5,56.5,-17.5,32.5,208.5,258.5,11,1,1
d2f772aad312e45cf7aef9e46583ed2b,2025-11-16T01:10:00Z,Minnesota Timberwolves,Denver Nuggets,-1.0,234.5,-118.0,-103.5,-0.5,120.5,-120.0,-102.0,-0.5,60.5,-26.5,23.5,209.5,259.5,10,1,1
d65dc4b4f3707a93b34f070c80080cce,2025-11-16T01:10:00Z,Milwaukee Bucks,Los Angeles Lakers,1.25,231.0,100.0,-120.0,0.5,119.5,-104.0,-118.0,0.5,60.5,-25.5,24.5,207.5,257.5,10,1,1
8e49e10c4b0ba0109c73ca788ec28971,2025-11-16T20:30:00Z,Boston Celtics,Los Angeles Clippers,-5.0,221.0,-190.0,160.0,-2.5,107.5,-170.0,134.0,-1.5,53.5,-29.5,20.5,196.5,246.5,11,1,1
efa26569df24b5c1c85598654ba51dd7,2025-11-16T21:00:00Z,San Antonio Spurs,Sacramento Kings,-8.5,238.0,-335.0,260.0,-4.5,121.5,-232.5,177.5,-2.5,61.5,-33.5,16.5,211.5,261.5,11,1,1
90a88a365e93cdd921d3c24d79d8a376,2025-11-16T23:00:00Z,Washington Wizards,Brooklyn Nets,-3.0,234.5,-146.0,124.0,-1.5,120.5,-143.5,113.0,-0.5,60.5,-27.5,22.5,208.5,258.5,11,1,1
2cc4aa6d732a30d94489658e4db6496a,2025-11-17T00:00:00Z,New Orleans Pelicans,Golden State Warriors,10.5,228.0,380.0,-500.0,6.5,110.5,225.0,-290.0,3.5,55.5,-13.5,36.5,203.5,253.5,11,1,1
0b32acf2f68ab3bad325d5b490d774b1,2025-11-17T00:00:00Z,Houston Rockets,Orlando Magic,-8.5,227.0,-330.0,270.0,-4.5,117.5,-225.0,180.0,-2.5,59.5,-33.5,16.5,203.5,253.5,11,1,1
ab3bf7c82f0c725d1ae7e15c953091f8,2025-11-17T00:30:00Z,Dallas Mavericks,Portland Trail Blazers,3.5,234.0,130.0,-155.0,1.5,120.5,118.0,-144.0,0.5,60.5,-21.5,28.5,208.5,258.5,11,1,1
00c81b9ad5b845e2a14e7f01e6a28777,2025-11-17T01:00:00Z,Phoenix Suns,Atlanta Hawks,1.5,232.0,105.0,-125.0,0.5,119.5,-106.0,-114.0,0.5,59.5,-23.5,26.5,206.5,256.5,11,1,1
3fc01d671e3d50fdc6b651512d8b931a,2025-11-17T01:00:00Z,Utah Jazz,Chicago Bulls,4.5,243.5,149.0,-175.0,2.5,118.5,132.0,-162.0,1.5,59.5,-20.5,29.5,219.5,269.5,11,1,1
8a3a6ccbc11731675de956d61bd4f95d,2025-11-18T00:00:00Z,Cleveland Cavaliers,Milwaukee Bucks,-6.5,236.0,-263.0,214.0,-3.5,114.5,-184.0,148.0,-2.5,57.5,-31.5,18.5,211.5,261.5,11,1,1
a6422c3a56ec257e30b91638ef36a48e,2025-11-18T00:00:00Z,Detroit Pistons,Indiana Pacers,-9.5,230.0,-450.0,350.0,-5.5,110.5,-265.0,210.0,-2.5,55.5,-33.5,16.5,203.5,253.5,11,1,1
ffb9ef562c0313b3eb5c27e80822ae3f,2025-11-18T00:10:00Z,Philadelphia 76ers,Los Angeles Clippers,-5.0,220.5,-205.0,175.0,-2.5,106.5,-170.0,138.0,-1.5,53.5,-30.5,19.5,196.5,246.5,11,1,1
386b2abe66400fda8e18e80151fb0512,2025-11-18T00:30:00Z,Toronto Raptors,Charlotte Hornets,-8.5,238.5,-340.0,274.0,-4.5,115.0,-220.0,176.0,-2.5,57.5,-32.5,17.5,214.5,264.5,11,1,1
b1e7571e112833a08a46072bdf44a478,2025-11-18T00:30:00Z,Miami Heat,New York Knicks,-1.5,241.5,-124.0,105.0,-0.5,124.0,-120.0,-102.0,-0.5,62.5,-26.5,23.5,217.5,267.5,11,1,1
471ffaffeffd40b0387b1a398fb2f8d9,2025-11-18T01:00:00Z,Minnesota Timberwolves,Dallas Mavericks,-14.0,229.0,-950.0,637.0,-8.5,117.0,-420.0,310.0,-4.5,58.5,-38.5,12.5,203.5,253.5,11,1,1
bc86ba3d19479aea6af13b12f3c29f68,2025-11-18T01:10:00Z,New Orleans Pelicans,Oklahoma City Thunder,17.5,226.5,950.0,-1700.0,10.5,109.5,390.0,-550.0,5.5,54.5,-7.5,42.5,200.5,250.5,11,1,1
0a353943755e93979775f392eb64d80a,2025-11-18T02:10:00Z,Denver Nuggets,Chicago Bulls,-14.5,240.5,-950.0,600.0,-8.5,117.0,-385.0,290.0,-4.5,58.5,-37.5,14.5,217.5,267.5,11,1,1
12aebc1081f4713b9ad2705d5364df58,2025-11-19T00:10:00Z,Orlando Magic,Golden State Warriors,3.5,223.0,136.0,-160.0,2.5,107.5,122.0,-150.0,0.5,53.5,-21.5,28.5,199.5,249.5,11,1,1
b4b0491751ea1e073d53d393d72cfc2d,2025-11-19T00:40:00Z,Brooklyn Nets,Boston Celtics,10.5,223.5,410.0,-550.0,6.5,115.5,225.0,-290.0,3.5,57.5,-14.5,35.5,199.5,249.5,11,1,1
0e5d47b1a4c507af55eafadbd01f0e9d,2025-11-19T01:10:00Z,Atlanta Hawks,Detroit Pistons,-1.0,228.5,-110.0,-110.0,0.5,118.5,-104.0,-118.0,-0.5,59.5,-25.5,24.5,204.5,254.5,10,1,1
21a2823d808c3891e6bec16cbc206cb2,2025-11-19T01:10:00Z,San Antonio Spurs,Memphis Grizzlies,-6.0,232.5,-240.0,195.0,-3.5,118.5,-180.0,146.0,-1.5,59.5,-30.5,19.5,209.5,259.5,11,1,1
9c3c19beca914238f77162f180beba5b,2025-11-19T03:40:00Z,Los Angeles Lakers,Utah Jazz,-12.5,238.0,-650.0,470.0,-6.5,115.5,-325.0,250.0,-3.5,57.5,-37.5,12.5,212.5,262.5,11,1,1
e2ca3fc2c1c2fe0fac1d9fe069fe0779,2025-11-19T04:10:00Z,Portland Trail Blazers,Phoenix Suns,-2.5,236.5,-136.0,115.0,-0.5,122.5,-128.0,104.0,-0.5,61.5,-26.5,23.5,212.5,262.5,10,1,1
bffc94ea34d3aceace2f4536d77c5925,2025-11-20T00:00:00Z,Indiana Pacers,Charlotte Hornets,1.5,236.5,100.0,-120.0,0.5,121.5,-106.0,-114.0,0.5,60.5,-25.5,24.5,209.5,259.5,11,1,1
1c9e418efd98eb8040dc783345e4bc24,2025-11-20T00:00:00Z,Cleveland Cavaliers,Houston Rockets,1.5,234.0,-102.0,-116.0,0.5,112.5,-104.0,-118.0,-0.5,56.5,-25.5,24.5,207.5,257.5,11,1,1
ee79094a98d3645115a3e9c083f01a74,2025-11-20T00:00:00Z,Philadelphia 76ers,Toronto Raptors,1.0,234.0,-105.0,-115.0,0.5,114.5,-108.0,-112.0,-0.5,57.5,-25.5,24.5,211.5,261.5,11,1,1
301506911df04b3ac148721fae1aceae,2025-11-20T00:30:00Z,Miami Heat,Golden State Warriors,-6.5,231.5,-238.0,195.0,-3.5,111.5,-194.0,156.0,-2.5,56.5,-31.5,18.5,207.5,257.5,11,1,1
ffc5a7963fb53f25e210c1acc25e2fd2,2025-11-20T01:00:00Z,New Orleans Pelicans,Denver Nuggets,14.5,233.0,625.0,-1000.0,8.5,119.5,320.0,-430.0,4.5,59.5,-11.5,38.5,207.5,257.5,11,1,1
f43516e89095a0b6edbe793745a2e6ca,2025-11-20T01:00:00Z,Minnesota Timberwolves,Washington Wizards,-16.0,237.5,-1250.0,752.0,-9.5,122.5,-500.0,360.0,-5.5,61.5,-40.5,9.5,212.5,262.5,11,1,1
6a4ab9a1ce6d4f90b0dafd6d6461c5eb,2025-11-20T01:00:00Z,Oklahoma City Thunder,Sacramento Kings,-18.5,233.5,-2000.0,1025.0,-10.5,118.5,-650.0,440.0,-5.5,59.5,-43.5,6.5,206.5,256.5,11,1,1
0bba63ebea7fd06ccc1a76376361195c,2025-11-20T02:30:00Z,Dallas Mavericks,New York Knicks,5.5,228.5,185.0,-225.0,2.5,116.5,138.0,-170.0,1.5,58.5,-20.5,29.5,201.5,251.5,11,1,1
27a47dd17db5b4e2788c58cb75b827df,2025-11-20T03:10:00Z,Portland Trail Blazers,Chicago Bulls,2.5,243.5,122.0,-145.0,1.5,118.0,112.0,-138.0,0.5,59.5,-21.5,28.5,218.5,268.5,11,1,1
ff24293a6e10588cf0464c3b15faec80,2025-11-21T00:10:00Z,Orlando Magic,Los Angeles Clippers,-5.5,218.5,-230.0,188.0,-3.5,105.5,-178.0,144.0,-1.5,52.5,-30.5,19.5,193.5,243.5,11,1,1
79339c63d557efe85f89187c10bd15c4,2025-11-21T01:10:00Z,San Antonio Spurs,Atlanta Hawks,-1.0,231.5,-115.0,-105.0,-0.5,118.5,-114.0,-106.0,-0.5,59.5,-25.5,24.5,205.5,255.5,11,1,1
088f5bc93c60e40ff3b46827e155d74a,2025-11-21T01:10:00Z,Memphis Grizzlies,Sacramento Kings,-2.5,233.5,-139.0,115.0,-0.5,120.5,-124.0,102.0,-0.5,60.5,-27.5,22.5,209.5,259.5,11,1,1
613d151e38c4eba00ae07b8a72960d12,2025-11-21T01:10:00Z,Milwaukee Bucks,Philadelphia 76ers,2.5,225.5,113.5,-135.0,0.5,116.5,102.0,-124.0,0.5,58.5,-22.5,27.5,202.5,252.5,11,1,1
460ca5da65548d349cb007bdceb84163,2025-11-22T03:10:00Z,Golden State Warriors,Portland Trail Blazers,-6.5,237.5,-255.0,210.0,,,,,,,,,,,1,0,0
58e766fa4c1a69247703beea18def6cf,2025-11-22T00:40:00Z,Boston Celtics,Brooklyn Nets,-15.0,222.0,-1100.0,700.0,-9.5,114.5,-420.0,310.0,-4.5,57.5,-40.5,9.5,197.5,247.5,11,1,1
731fa66351071a1e5cd387fd7087aa8f,2025-11-22T00:40:00Z,Toronto Raptors,Washington Wizards,-13.5,240.5,-850.0,580.0,-8.5,123.5,-385.0,290.0,-4.5,61.5,-38.5,11.5,215.5,265.5,11,1,1
76c06946a763643d09655bdcad0ccd33,2025-11-22T01:10:00Z,Chicago Bulls,Miami Heat,-2.5,249.5,-135.0,115.0,-0.5,128.5,-128.0,104.0,-0.5,64.5,-26.5,23.5,224.5,274.5,11,1,1
f383ac51e8102cfb59ce70f5e1a308ff,2025-11-22T01:40:00Z,Dallas Mavericks,New Orleans Pelicans,-3.5,232.5,-160.0,136.0,-1.5,112.5,-142.0,116.0,-0.5,56.5,-28.5,21.5,207.5,257.5,11,1,1
95d399e5dd6898e13b30f7aafb0ad214,2025-11-22T02:10:00Z,Phoenix Suns,Minnesota Timberwolves,3.5,234.0,138.0,-162.0,1.5,113.5,116.0,-142.0,0.5,56.5,-21.5,28.5,209.5,259.5,11,1,1
ac0e9728d14d0db6b110a0e7eb050929,2025-11-22T03:10:00Z,Utah Jazz,Oklahoma City Thunder,16.0,235.5,850.0,-1450.0,9.5,122.5,350.0,-480.0,4.5,61.5,-8.5,41.5,212.5,262.5,11,1,1
078f0883a88c1fb2deaf8a47b59c671f,2025-11-22T18:10:00Z,Charlotte Hornets,Los Angeles Clippers,2.0,228.5,103.5,-123.5,0.5,110.5,-1.5,-124.5,0.5,55.5,-22.5,27.5,203.5,253.5,11,1,1
99eadf1bba6ca10f585edb7d3c4a3e6c,2025-11-22T22:10:00Z,Orlando Magic,New York Knicks,1.5,229.0,-1.0,-118.0,0.5,118.5,-107.0,-119.0,0.5,59.5,-23.5,26.5,204.5,253.5,11,1,1
0fdd095e3e0689aede516def5ccb891f,2025-11-23T00:10:00Z,New Orleans Pelicans,Atlanta Hawks,7.5,230.5,249.5,-315.0,4.5,119.5,164.0,-205.0,2.5,59.5,-15.5,30.5,206.5,256.5,11,1,1
f4044c89efb759cfdc3bf2545ffcf0bc,2025-11-23T01:10:00Z,Chicago Bulls,Washington Wizards,-12.5,244.0,-700.0,500.0,-7.5,125.5,-340.0,260.0,-3.5,62.5,-37.5,12.5,219.5,269.5,11,1,1
46118acd6bad6d91e3a202453d0f8f50,2025-11-23T01:10:00Z,Milwaukee Bucks,Detroit Pistons,9.0,223.5,300.0,-377.5,5.5,115.5,184.0,-230.0,2.5,57.5,-15.5,34.5,199.5,249.5,11,1,1
38c536954f1b21020fbae78711a00d28,2025-11-23T01:40:00Z,Dallas Mavericks,Memphis Grizzlies,-2.0,227.5,-125.0,105.0,-1.5,116.5,-130.0,106.0,-0.5,58.5,-27.5,22.5,201.5,251.5,11,1,1
9e0e2a7be4f8871e4a4d2ae25ed7d6f1,2025-11-23T03:10:00Z,Denver Nuggets,Sacramento Kings,-11.5,236.0,-605.0,431.0,-6.5,121.5,-290.0,225.0,-3.5,60.5,-36.5,13.5,211.5,261.5,11,1,1
afc47a0aae772c23a3c9b8a75f743291,2025-11-23T18:10:00Z,Philadelphia 76ers,Miami Heat,-1.0,240.5,-115.0,-105.0,-0.5,123.5,-114.5,-110.5,-0.5,61.5,-26.5,23.5,213.5,263.5,11,1,1
9221d7f71811f8a52214c26e5991a294,2025-11-23T23:10:00Z,Atlanta Hawks,Charlotte Hornets,-7.5,232.5,-285.0,229.0,-4.5,111.5,-207.5,162.0,-2.5,55.5,-31.5,18.5,209.5,259.5,11,1,1
202da3ad3e50703f37e61852b31c139e,2025-11-23T23:10:00Z,Boston Celtics,Orlando Magic,-4.5,221.0,-185.0,155.0,-2.5,113.5,-163.5,128.5,-1.5,56.5,-28.5,21.5,196.5,246.5,11,1,1
6164a6e8d6c9ed4af78103e929e2dddd,2025-11-23T23:10:00Z,Toronto Raptors,Brooklyn Nets,-12.5,229.0,-769.5,522.0,-7.5,117.5,-400.0,292.5,-3.5,59.5,-38.5,11.5,205.5,255.5,11,1,1
38be9cf3227ca4d2ff10639d21d2db4a,2025-11-23T23:10:00Z,Cleveland Cavaliers,Los Angeles Clippers,-9.5,230.0,-425.0,330.0,-5.5,111.5,-262.5,199.0,-2.5,55.5,-32.5,17.5,204.5,254.5,11,1,1
5c7ba711cc75765ee4a291d1ac6642d0,2025-11-24T00:10:00Z,Oklahoma City Thunder,Portland Trail Blazers,-15.5,235.0,-1105.5,700.0,-9.5,120.5,-470.0,340.0,-4.5,60.5,-40.5,9.5,209.5,259.5,11,1,1
31f8f03b475171fb3f3e77385f1e7699,2025-11-24T01:10:00Z,Utah Jazz,Los Angeles Lakers,9.5,245.5,325.0,-420.0,5.5,125.5,198.0,-250.0,2.5,62.5,-16.5,33.5,219.5,269.5,11,1,1
209008bee381b4efba5ff2c8de03bc60,2025-11-24T01:10:00Z,Phoenix Suns,San Antonio Spurs,-3.0,234.5,-147.0,122.0,-1.5,121.5,-138.0,112.0,-0.5,60.5,-27.5,22.5,208.5,258.5,11,1,1
5cedd844958a51d5529d01526c06c65d,2025-11-25T00:10:00Z,Toronto Raptors,Cleveland Cavaliers,1.5,237.5,108.0,-130.0,0.5,115.5,104.0,-128.0,0.5,57.5,-22.5,27.5,211.5,261.5,11,1,1
4509c58fbf9b92ed59ba8f130267673a,2025-11-25T00:10:00Z,Indiana Pacers,Detroit Pistons,9.5,234.5,320.0,-415.0,5.5,120.5,198.0,-250.0,2.5,60.5,-15.5,34.5,209.5,259.5,11,1,1
c5f91d856d647cb5a6c1d0899b8e330f,2025-11-25T00:40:00Z,Brooklyn Nets,New York Knicks,14.0,229.5,575.0,-900.0,8.5,117.5,290.0,-385.0,4.5,58.5,-9.5,40.5,203.5,253.5,11,1,1
64f069ba2bdd44a1a8b827e3a0a58c5d,2025-11-25T00:40:00Z,Miami Heat,Dallas Mavericks,-8.0,241.5,-325.0,250.0,-4.5,124.5,-230.0,184.0,-2.5,62.5,-32.5,17.5,211.5,264.5,11,1,1
6a1207eb38c703385ba9624905fab3ba,2025-11-25T01:10:00Z,New Orleans Pelicans,Chicago Bulls,5.0,243.0,170.0,-205.0,2.5,117.5,136.0,-168.0,1.5,59.5,-19.5,30.5,216.5,266.5,11,1,1
a5a8ffb9d6f603e31350f25ce5c5c6f0,2025-11-25T01:10:00Z,Memphis Grizzlies,Denver Nuggets,7.5,233.5,249.0,-305.0,4.5,119.5,164.0,-205.0,1.5,59.5,-17.5,32.5,208.5,258.5,11,1,1
f6c28ca116d0a8731714246ea506b242,2025-11-25T01:10:00Z,Milwaukee Bucks,Portland Trail Blazers,-1.5,234.5,-125.0,105.0,-0.5,121.5,-122.0,100.0,-0.5,60.5,-27.5,22.5,211.5,261.5,11,1,1
bd5ab48d88ac2df3a17c43a6d06e52ad,2025-11-25T02:40:00Z,Phoenix Suns,Houston Rockets,5.5,226.5,185.0,-225.0,3.5,109.5,138.0,-170.0,1.5,55.5,-19.5,30.5,202.5,252.5,11,1,1
c59eff6b208318c28ec7d189749e568d,2025-11-25T03:10:00Z,Golden State Warriors,Utah Jazz,-14.0,239.5,-850.0,580.0,-8.5,116.5,-385.0,290.0,-3.5,58.5,-39.5,10.5,214.5,264.5,11,1,1
3640b757990601e61f5ca4fb241d99a8,2025-11-25T03:10:00Z,Sacramento Kings,Minnesota Timberwolves,9.5,237.5,311.0,-420.0,5.5,115.5,198.0,-250.0,2.5,57.5,-15.5,34.5,211.5,261.5,11,1,1
9ad9826a5e6c2de97a7596b87f1e3c76,2025-11-26T00:10:00Z,Washington Wizards,Atlanta Hawks,10.5,237.5,360.0,-500.0,6.0,122.5,250.0,-310.0,3.0,61.0,-14.5,35.5,211.5,261.5,11,3,3
932a6b46c8f41cd9df4a23db7aaf9988,2025-11-27T00:40:00Z,Miami Heat,Milwaukee Bucks,-6.5,232.5,-270.0,220.0,,,,,,,,,,,3,0,0
9d56baa432e13e1879c5a7e08ac23e79,2025-11-27T03:10:00Z,Portland Trail Blazers,San Antonio Spurs,-2.5,238.5,-140.0,118.0,,,,,,,,,,,3,0,0
b054e05bbd0dadc5f4947032a332045e,2025-11-27T00:10:00Z,Charlotte Hornets,New York Knicks,6.5,238.5,208.0,-250.0,3.5,122.5,148.0,-188.0,2.5,61.5,-18.5,31.5,213.5,263.5,11,1,1
54ab67c4d54079c2044f6de8397ad072,2025-11-27T00:40:00Z,Toronto Raptors,Indiana Pacers,-10.5,234.5,-455.0,350.0,-5.5,114.5,-265.0,210.0,-3.5,57.5,-34.5,15.5,210.5,260.5,11,1,1
7a866eae268b30cd60aacad8fd8f3786,2025-11-27T01:10:00Z,New Orleans Pelicans,Memphis Grizzlies,2.5,235.5,115.0,-140.0,0.5,120.5,-104.0,-118.0,0.5,60.5,-22.5,27.5,209.5,259.5,11,1,1
640a3b0d618c26bd0e462da74aad454f,2025-11-27T03:10:00Z,Sacramento Kings,Phoenix Suns,4.5,233.5,154.0,-180.0,2.5,120.5,126.0,-154.0,1.5,60.5,-20.5,29.5,208.5,258.5,11,1,1
1af096075324c24f402566517cb35f91,2025-11-29T00:40:00Z,Atlanta Hawks,Cleveland Cavaliers,5.5,238.5,170.0,-210.0,3.5,115.5,140.0,-172.0,1.5,57.5,-19.5,30.5,213.5,263.5,9,1,1
40e1962291b5902145ba33c2b8918fbf,2025-11-29T00:40:00Z,Brooklyn Nets,Philadelphia 76ers,6.5,228.5,201.0,-250.0,3.5,117.5,146.0,-180.0,2.5,59.5,-18.5,31.5,203.5,253.5,9,1,1
589f752da246a95b470aa39b60870dd7,2025-11-29T00:40:00Z,Charlotte Hornets,Chicago Bulls,3.5,246.5,124.0,-152.0,1.5,119.5,114.0,-140.0,0.5,59.5,-21.5,28.5,222.5,272.5,9,1,1
3681b95ecf2caed53d8d976c17ad4464,2025-11-29T00:40:00Z,Detroit Pistons,Orlando Magic,-5.5,232.5,-195.0,162.0,-2.5,119.5,-172.0,140.0,-1.5,59.5,-30.5,19.5,207.5,257.5,9,1,1
72d83440ea3e88d46514dd3eed0deddb,2025-11-29T00:40:00Z,Indiana Pacers,Washington Wizards,-6.5,237.5,-250.0,200.0,-3.5,122.5,-188.0,152.0,-1.5,61.5,-31.5,18.5,213.5,263.5,9,1,1
e18835b33478d76175aa301ace433fd3,2025-11-29T02:40:00Z,Denver Nuggets,San Antonio Spurs,-10.5,236.5,-476.0,360.0,-6.5,121.5,-290.0,225.0,-3.5,60.5,-35.5,14.5,210.5,260.5,9,1,1
a06a55ea3f9818bd67a44c118b03bb31,2025-11-29T02:40:00Z,Oklahoma City Thunder,Phoenix Suns,-14.5,227.5,-1000.0,650.0,-8.5,117.5,-375.0,285.0,-4.5,58.5,-39.5,10.5,202.5,252.5,9,1,1
05b9527e25f5994ecbf5a9323a489a33,2025-11-29T02:40:00Z,Utah Jazz,Sacramento Kings,-1.0,240.5,-110.0,-110.0,-0.5,123.5,-114.0,-106.0,-0.5,61.5,-23.5,26.5,215.5,265.5,9,1,1
835535f997beb1f330c480429f5fd48b,2025-11-29T03:10:00Z,Los Angeles Clippers,Memphis Grizzlies,-6.5,227.5,-270.0,214.0,-3.5,117.5,-188.0,152.0,-1.5,58.5,-31.5,18.5,202.5,252.5,9,1,1
39e465c2052d07aab9762ed395f51fa5,2025-11-29T22:10:00Z,Minnesota Timberwolves,Boston Celtics,-6.5,228.0,-270.0,220.0,-3.75,117.0,-210.0,165.0,-2.25,58.75,-32.5,17.5,201.5,251.5,11,2,2
696e82430b8051b843f9549230e468dd,2025-11-29T23:10:00Z,Charlotte Hornets,Toronto Raptors,8.5,228.5,275.0,-345.0,4.75,112.0,190.0,-245.0,2.5,56.5,-16.5,33.5,205.5,255.5,11,2,2
a2d896d787150b3b68cf4e3ad6424180,2025-11-30T00:40:00Z,Indiana Pacers,Chicago Bulls,4.0,243.5,143.0,-170.0,1.75,118.0,127.5,-154.0,0.75,59.25,-20.5,29.5,218.5,268.5,11,2,2
784f94820715274309e16d3de4928361,2025-11-30T01:10:00Z,Milwaukee Bucks,Brooklyn Nets,-11.5,222.0,-575.0,430.0,-7.5,115.25,-352.5,270.0,-3.5,57.75,-35.5,14.5,199.5,249.5,11,2,2
f374f371daee659611ed1afec06ab85a,2025-11-30T01:10:00Z,Miami Heat,Detroit Pistons,-3.5,239.0,-155.0,130.0,-1.75,123.0,-146.0,123.0,-1.25,61.75,-27.5,22.5,213.5,263.5,11,2,2
98a8aa8f24faf2bb72c27a045952a513,2025-11-30T01:40:00Z,Golden State Warriors,New Orleans Pelicans,-8.0,225.0,-325.0,260.0,-4.5,109.0,-227.5,185.5,-2.25,54.75,-32.5,17.5,198.5,248.5,11,2,2
1f7454c298835aeb669542fd07b8fcfc,2025-11-30T02:10:00Z,Phoenix Suns,Denver Nuggets,4.5,232.5,154.0,-180.0,2.5,119.5,139.0,-167.5,1.25,60.25,-18.5,31.5,208.5,258.5,11,2,2
1e352618f91c0149a6c0319235936d22,2025-11-30T03:10:00Z,Los Angeles Clippers,Dallas Mavericks,-7.0,221.5,-270.0,215.0,-3.75,113.5,-205.0,167.5,-1.75,57.0,-31.5,18.5,197.5,247.5,11,2,2
099fbdb7f4738db6e1f5b7889ab3d707,2025-12-09T23:00:00Z,Orlando Magic,Miami Heat,-5.0,238.5,-190.0,158.5,-3.5,122.5,-172.0,140.0,-1.5,61.5,-30.5,19.5,213.5,263.5,2,1,1
582a77bcdc5401a29e263ffed5d26609,2025-12-10T01:30:00Z,Toronto Raptors,New York Knicks,2.0,237.5,106.0,-125.0,0.5,123.5,-104.0,-118.0,0.5,61.5,-23.5,26.5,213.5,263.5,2,1,1
9373b84d11358f66f18562222dbf5f42,2025-12-11T00:30:00Z,Oklahoma City Thunder,Phoenix Suns,-14.5,225.5,-950.0,632.5,-8.5,115.5,-420.0,310.0,-4.5,57.5,-39.5,10.5,199.5,249.5,2,1,1
2031f79c4dd229576855fb346449a8d4,2025-12-11T03:00:00Z,Los Angeles Lakers,San Antonio Spurs,-4.0,236.0,-171.0,143.0,-1.5,121.0,-150.0,122.0,-0.5,60.5,-28.5,21.5,210.5,260.5,2,1,1
11f2a566bc03b792ab15ec12469e4e92,2025-11-30T20:10:00Z,Utah Jazz,Houston Rockets,12.5,234.5,460.0,-625.0,7.5,113.5,252.5,-347.5,3.5,56.5,-13.5,36.5,210.5,260.5,11,1,1
49831135f016fd82fa36e584dd2f36f8,2025-11-30T23:10:00Z,Philadelphia 76ers,Atlanta Hawks,-1.0,229.5,-115.0,-105.0,-0.5,118.5,-114.5,-110.5,0.5,59.5,-25.5,24.5,207.5,258.5,11,1,1
960545896b814924ffb72a9aa942cb73,2025-11-30T23:10:00Z,Cleveland Cavaliers,Boston Celtics,-8.0,233.0,-320.0,260.0,-4.5,119.5,-232.5,177.5,-2.5,59.5,-32.5,17.5,208.5,258.5,11,1,1
e4bc5abec9d682f3bf0d64f2a354f211,2025-11-30T23:10:00Z,New York Knicks,Toronto Raptors,-7.5,232.5,-300.0,240.0,-4.5,112.5,-225.0,171.5,-2.5,56.5,-32.5,17.5,208.5,258.5,11,1,1
9777fc2821608e3c758fdaf7cae6f6f5,2025-11-30T23:10:00Z,Portland Trail Blazers,Oklahoma City Thunder,12.5,233.0,530.0,-750.0,7.5,119.5,295.0,-420.0,3.5,59.5,-11.5,38.5,205.5,255.5,11,1,1
836e9666d5f6430cd502c1ad6dfc6bcd,2025-12-01T00:10:00Z,Minnesota Timberwolves,San Antonio Spurs,-3.5,233.5,-160.0,135.0,-1.5,119.5,-144.0,118.0,-0.5,59.5,-28.5,21.5,208.5,258.5,11,1,1
7a41d0fddaf36ced2b5dae81f717d9c9,2025-12-01T02:10:00Z,Sacramento Kings,Memphis Grizzlies,3.5,232.5,130.0,-155.0,1.5,119.5,118.0,-144.0,1.5,59.5,-21.5,28.5,208.5,258.5,11,1,1
ff4a951f59cc072e579d5c907b1d8872,2025-12-01T02:40:00Z,Los Angeles Lakers,New Orleans Pelicans,-15.0,233.5,-1100.0,693.0,-9.5,113.0,-430.0,320.0,-4.5,56.5,-39.5,10.5,208.5,258.5,10,1,1
a2fb7d9b25c10290c0ddfe4ed08d9911,2025-12-02T00:00:00Z,Washington Wizards,Milwaukee Bucks,8.5,233.5,304.0,-390.0,5.5,112.5,210.0,-265.0,2.5,56.5,-14.5,35.5,211.5,261.5,11,1,1
3cc5570a4f110817f256cde8b347c425,2025-12-02T00:10:00Z,Detroit Pistons,Atlanta Hawks,-9.5,232.5,-400.0,310.0,-5.5,119.5,-260.0,205.0,-2.5,59.5,-34.5,15.5,207.5,257.5,11,1,1
969003b40369abe44b5c2f79f8a491b7,2025-12-02T00:10:00Z,Indiana Pacers,Cleveland Cavaliers,6.5,234.0,200.0,-240.0,3.5,113.5,152.0,-188.0,1.5,56.5,-19.5,30.5,206.5,256.5,11,1,1
59b66cf57192dae1adc997adf46ee380,2025-12-02T00:30:00Z,Miami Heat,Los Angeles Clippers,-6.5,233.5,-240.0,200.0,-3.5,114.5,-180.0,146.0,-1.5,57.5,-30.5,19.5,211.5,261.5,11,1,1
2fbd8dae83eea6fb5c167c2fa81056ae,2025-12-02T00:40:00Z,Brooklyn Nets,Charlotte Hornets,4.5,228.0,160.0,-192.0,2.5,110.5,124.0,-152.0,1.5,55.5,-20.5,29.5,201.5,251.5,11,1,1
b7f1b155997ec1b2844758bf4f5f3445,2025-12-02T00:40:00Z,Orlando Magic,Chicago Bulls,-8.5,238.5,-350.0,275.0,-4.5,116.5,-230.0,186.0,-2.5,58.5,-32.5,17.5,214.5,264.5,11,1,1
7a8ec1de3f6698cb4266f8acbc124561,2025-12-02T02:10:00Z,Denver Nuggets,Dallas Mavericks,-11.0,233.5,-526.0,400.0,-6.5,120.5,-300.0,235.0,-3.5,60.5,-35.5,14.5,208.5,258.5,11,1,1
1eb6fa928977c91a8de9a270964c7503,2025-12-02T02:10:00Z,Utah Jazz,Houston Rockets,12.0,232.5,443.0,-625.0,7.5,112.5,250.0,-325.0,3.5,56.5,-12.5,37.5,207.5,257.5,11,1,1
5cc0919657cd7dabe2c7b24c5ecf0373,2025-12-02T03:10:00Z,Los Angeles Lakers,Phoenix Suns,-5.5,234.5,-222.0,185.0,-2.5,121.5,-168.0,136.0,-1.5,60.5,-30.5,19.5,210.5,260.5,11,1,1
82945fcefbdab5eff92ea10d50b8b9ed,2025-12-03T00:10:00Z,Philadelphia 76ers,Washington Wizards,-12.5,235.25,-750.0,525.0,-7.5,122.5,-425.0,320.0,-4.0,61.5,-38.5,11.5,211.5,261.5,10,3,3
ff9201c6fd745a1a31bee1cbc13dd384,2025-12-03T00:40:00Z,Toronto Raptors,Portland Trail Blazers,-5.0,232.0,-213.0,176.0,-2.5,119.5,-175.0,145.0,-1.5,59.5,-30.5,19.5,206.5,256.5,10,3,3
a96eb37cc51deec2f9e98a274c081b4e,2025-12-03T01:10:00Z,Boston Celtics,New York Knicks,-1.0,230.5,-114.5,-106.0,-0.5,118.0,-118.0,-102.0,-0.5,58.5,-22.5,27.5,204.5,254.5,10,3,3
c8fb3e3641461ee52981c6d8c8ee12f8,2025-12-03T01:10:00Z,San Antonio Spurs,Memphis Grizzlies,-5.5,231.0,-210.0,175.0,-3.0,119.0,-180.0,154.0,-1.5,59.5,-30.5,19.5,206.5,256.5,10,3,3
a9330ca996e7fd641237adcfa998259f,2025-12-03T01:10:00Z,New Orleans Pelicans,Minnesota Timberwolves,9.5,235.0,350.0,-455.0,6.0,112.5,245.0,-300.0,3.5,57.0,-15.5,34.5,204.5,257.5,10,3,3
4372c5c8b6de02e12518da9a10ae76c3,2025-12-03T04:10:00Z,Golden State Warriors,Oklahoma City Thunder,11.5,221.5,430.0,-600.0,7.0,113.5,270.0,-340.0,3.5,57.0,-13.5,36.5,197.5,247.5,10,3,3
bcd9318487d7479baa6c67c6dac77d82,2025-12-04T00:10:00Z,Cleveland Cavaliers,Portland Trail Blazers,-10.0,240.5,-480.0,370.0,-5.5,123.5,-265.0,210.0,-3.5,62.5,-35.5,14.5,212.5,262.5,11,1,1
ab009f7f2a7d899ac245a0c7d959c172,2025-12-04T00:10:00Z,Indiana Pacers,Denver Nuggets,7.5,235.5,249.0,-305.0,4.5,121.5,164.0,-205.0,1.5,60.5,-17.5,32.5,210.5,260.5,11,1,1
936b0e45efe15e5fd011019517643b4f,2025-12-04T00:10:00Z,Orlando Magic,San Antonio Spurs,-8.0,234.5,-320.0,250.0,-4.5,119.5,-225.0,180.0,-2.5,60.5,-31.5,18.5,209.5,259.5,11,1,1
9e2229439904067904831257668485a4,2025-12-04T00:40:00Z,Atlanta Hawks,Los Angeles Clippers,-3.5,227.5,-160.0,135.0,-1.5,110.5,-142.0,116.0,-0.5,55.5,-29.5,20.5,204.5,254.5,11,1,1
6303a20d9193cbb7cad95eb1a593f830,2025-12-04T00:40:00Z,New York Knicks,Charlotte Hornets,-9.5,237.0,-410.0,320.0,-5.5,115.5,-250.0,198.0,-2.5,57.5,-35.5,14.5,212.5,262.5,11,1,1
9421da303e9d1d538a8e49b3287d052c,2025-12-04T01:10:00Z,Chicago Bulls,Brooklyn Nets,-8.0,232.5,-325.0,260.0,-4.5,119.5,-230.0,184.0,-2.5,60.5,-33.5,16.5,209.5,259.5,11,1,1
f1911824d4907eed6e6f89a9be9a84ed,2025-12-04T01:10:00Z,Houston Rockets,Sacramento Kings,-15.5,230.5,-1200.0,750.0,-8.5,118.5,-430.0,320.0,-4.5,59.5,-41.5,8.5,205.5,255.5,11,1,1
156b51c1cdfdee88329898e7923855ee,2025-12-04T01:11:00Z,Milwaukee Bucks,Detroit Pistons,4.0,230.5,142.0,-170.0,2.5,119.5,122.0,-148.0,1.5,59.5,-21.5,28.5,207.5,257.5,11,1,1
598be080fed3a6c477b581ad0744d1a0,2025-12-04T01:30:00Z,Dallas Mavericks,Miami Heat,4.0,241.5,146.0,-175.0,2.5,123.5,124.0,-150.0,1.5,61.5,-21.5,28.5,214.5,264.5,11,1,1
3bb98aa07fabd4fae0e83a62c2d5fb1a,2025-12-05T00:10:00Z,Washington Wizards,Boston Celtics,9.0,228.0,320.0,-415.0,5.5,117.5,190.0,-240.0,2.5,58.5,-16.5,33.5,204.5,254.5,11,1,1
0ef228d015b4f211bab07a3c269105ab,2025-12-05T00:10:00Z,Philadelphia 76ers,Golden State Warriors,-3.5,223.5,-160.0,135.0,-1.5,109.5,-134.0,110.0,-1.5,54.5,-29.5,20.5,197.5,247.5,11,1,1
d7046816eb6615d7ec83c6356451c7cd,2025-12-05T00:40:00Z,Brooklyn Nets,Utah Jazz,4.5,231.5,152.0,-180.0,1.5,112.5,118.0,-144.0,1.5,56.5,-20.5,29.5,206.5,256.5,11,1,1
fe4d07bc0ca481a686bda4801b135ead,2025-12-05T00:40:00Z,Toronto Raptors,Los Angeles Lakers,-1.5,228.5,-130.0,110.0,-0.5,116.5,-122.0,100.0,-0.5,58.5,-23.5,26.5,206.5,256.5,11,1,1
0a31295e0a94885f10acc879f6198a10,2025-12-05T01:10:00Z,New Orleans Pelicans,Minnesota Timberwolves,11.5,234.0,420.0,-560.0,6.5,113.5,235.0,-300.0,3.5,57.5,-13.5,36.5,208.5,258.5,11,1,1
61feabe0b59a9dba9be076c59ecd125d,2025-12-06T00:10:00Z,Boston Celtics,Los Angeles Lakers,-6.5,223.5,-250.0,205.0,-3.5,115.0,-188.0,152.0,-1.5,57.5,-32.5,17.5,198.5,248.5,11,1,1
aeb6990f23d3e646900b2ec784699724,2025-12-06T00:10:00Z,Orlando Magic,Miami Heat,-5.5,242.5,-210.0,175.0,-2.5,125.0,-172.0,140.0,-1.5,62.5,-30.5,19.5,217.5,267.5,11,1,1
ffa09b2ad58a00b66f7d0aa16322155c,2025-12-06T00:40:00Z,Atlanta Hawks,Denver Nuggets,6.5,238.5,205.0,-250.0,3.5,122.5,152.0,-188.0,1.5,61.5,-17.5,32.5,212.5,262.5,11,1,1
3dbed56c1ac1346d2a640d9eaec4ef31,2025-12-06T00:40:00Z,Toronto Raptors,Charlotte Hornets,-7.5,231.5,-310.0,250.0,-3.5,111.5,-194.0,156.0,-2.5,56.5,-33.5,16.5,205.5,255.5,11,1,1
f9c82c36144a08ddd0c7a4f041dae9e8,2025-12-06T00:40:00Z,Cleveland Cavaliers,San Antonio Spurs,-5.0,238.5,-195.0,162.0,-2.5,123.0,-168.0,136.0,-1.5,61.5,-29.5,20.5,213.5,263.5,11,1,1
19703e305f3608fac5c658043d7d6d13,2025-12-06T00:40:00Z,Detroit Pistons,Portland Trail Blazers,-7.5,235.0,-300.0,240.0,-4.5,122.5,-210.0,168.0,-2.5,61.5,-32.5,17.5,212.5,262.5,11,1,1
7356d0e5e6178ea403706b3d0d668731,2025-12-06T00:40:00Z,New York Knicks,Utah Jazz,-16.0,240.0,-1100.0,691.5,-9.5,116.5,-470.0,340.0,-4.5,58.5,-40.5,9.5,215.5,265.5,11,1,1
091237ab322a19a025b7954a6b5fb248,2025-12-06T01:10:00Z,Chicago Bulls,Indiana Pacers,-5.0,238.5,-200.0,170.0,-2.5,122.5,-168.0,136.0,-0.5,61.5,-29.5,20.5,212.5,262.5,11,1,1
7b907d2230835c551697af3a8e160d99,2025-12-06T01:10:00Z,Houston Rockets,Phoenix Suns,-11.5,223.0,-550.0,400.0,-6.5,114.5,-320.0,245.0,-3.5,57.5,-36.5,13.5,197.5,247.5,11,1,1
eb592fd992868ca6969361169aa7f107,2025-12-06T01:10:00Z,Memphis Grizzlies,Los Angeles Clippers,2.0,224.0,107.0,-129.0,0.5,108.5,104.0,-128.0,-0.5,54.5,-23.5,26.5,198.5,248.5,11,1,1
6f0f84ac9e8f4b28201d84feade66964,2025-12-06T01:10:00Z,Milwaukee Bucks,Philadelphia 76ers,1.5,223.5,105.0,-125.0,0.5,115.0,-106.0,-114.0,0.5,57.5,-23.5,26.5,198.5,248.5,11,1,1
8d3418eef90a481a997f274ad5b93c8e,2025-12-06T02:40:00Z,Oklahoma City Thunder,Dallas Mavericks,-15.0,229.5,-1000.0,650.0,-8.5,117.5,-430.0,320.0,-4.5,58.5,-40.5,9.5,203.5,253.5,11,1,1
223ec223d9ac0172d28afb1c26f4b8ae,2025-12-06T22:10:00Z,Brooklyn Nets,New Orleans Pelicans,-3.5,227.5,-161.0,134.5,-1.5,110.5,-147.0,116.5,-0.5,55.5,-26.5,23.5,202.5,252.5,11,1,1
50bba5f55019436fa6145be51c60a174,2025-12-07T00:10:00Z,Washington Wizards,Atlanta Hawks,9.0,235.5,317.5,-418.5,5.5,121.5,194.0,-245.0,2.5,60.5,-15.5,34.5,210.5,260.5,11,1,1
ddfe1830cd36ca5a0d614297cef168de,2025-12-07T00:40:00Z,Cleveland Cavaliers,Golden State Warriors,-8.0,228.0,-300.0,245.0,-4.5,110.5,-225.0,176.0,-2.5,55.5,-33.5,16.5,202.5,252.5,11,1,1
77f737d32c12f24c9aa802751b7164cf,2025-12-07T00:40:00Z,Detroit Pistons,Milwaukee Bucks,-12.0,223.0,-675.0,486.0,-7.5,115.5,-325.0,250.0,-3.5,57.5,-37.5,12.5,197.5,247.5,11,1,1
571e505133f8b2d20c101c45437cffb9,2025-12-07T01:10:00Z,Minnesota Timberwolves,Los Angeles Clippers,-10.0,225.5,-477.5,363.0,-6.5,109.5,-280.0,220.0,-3.5,54.5,-35.5,14.5,199.5,249.5,11,1,1
a49179ca5fedd30b13d93c7566b23670,2025-12-07T01:10:00Z,Miami Heat,Sacramento Kings,-8.0,238.5,-332.5,260.0,-4.5,122.5,-220.0,176.0,-2.5,61.5,-32.5,17.5,215.5,265.5,11,1,1
345cc966e0c9b40273032b7989040a5d,2025-12-07T01:40:00Z,Dallas Mavericks,Houston Rockets,9.0,224.5,301.5,-385.5,4.5,108.5,184.0,-230.0,2.5,54.5,-15.5,34.5,198.5,248.5,11,1,1
ae4bc3a7ccbb03047bf9c84a2da60b5a,2025-12-07T17:10:00Z,New York Knicks,Orlando Magic,-4.0,231.5,-169.0,140.0,-2.5,119.5,-160.0,125.0,-1.5,59.5,-28.5,21.5,206.5,256.5,11,1,1
79f85d1f3db80d57737a7e21fe18f923,2025-12-07T20:40:00Z,Toronto Raptors,Boston Celtics,2.5,226.0,118.0,-140.0,1.5,116.5,106.5,-136.0,0.5,58.5,-22.5,27.5,201.5,251.5,11,1,1
1542719a5cedccb390e99e3a635857da,2025-12-07T23:10:00Z,Charlotte Hornets,Denver Nuggets,10.5,233.5,370.0,-480.0,5.5,113.5,212.5,-280.0,3.5,56.5,-14.5,35.5,208.5,258.5,11,1,1
5560bba61529678079a7fd51051dfd5d,2025-12-07T23:10:00Z,Memphis Grizzlies,Portland Trail Blazers,-1.0,233.5,-118.0,-102.0,-0.5,120.5,-113.5,-111.5,-0.5,60.5,-25.5,24.5,208.5,258.5,11,1,1
0a1129b3f805dc5b4e436c961ef10818,2025-12-08T00:10:00Z,Chicago Bulls,Golden State Warriors,1.0,227.5,-105.0,-115.0,0.5,110.5,-106.0,-114.0,0.5,55.5,-23.5,26.5,202.5,252.5,10,1,1
6a9bd086351afd60d1912cbfccbe56b4,2025-12-08T00:40:00Z,Philadelphia 76ers,Los Angeles Lakers,4.5,235.5,152.0,-180.0,2.5,121.5,128.0,-158.0,1.5,60.5,-20.5,29.5,210.5,260.5,11,1,1
9b86f7c0e0b3d344ad303693c923f3b3,2025-12-08T01:10:00Z,Utah Jazz,Oklahoma City Thunder,10.5,238.5,360.0,-460.0,5.5,118.5,210.0,-265.0,2.5,59.5,-12.5,37.5,212.5,262.5,11,1,1
fe5ab84f0f63d8819da2233645bc68d5,2025-12-09T00:10:00Z,Indiana Pacers,Sacramento Kings,-3.5,235.0,-170.0,142.0,-2.5,120.5,-152.0,124.0,-1.5,60.5,-28.5,21.5,208.5,258.5,11,1,1
fa9c13de1b6188669ed5766355bc2d17,2025-12-09T00:40:00Z,Minnesota Timberwolves,Phoenix Suns,-9.5,225.0,-425.0,333.0,-5.5,117.5,-250.0,198.0,-2.5,58.5,-34.5,15.5,202.5,252.5,11,1,1
67f638076c2d1263eaa0b9b5689ac18e,2025-12-09T01:10:00Z,New Orleans Pelicans,San Antonio Spurs,9.5,236.5,330.0,-425.0,5.5,121.5,198.0,-250.0,2.5,60.5,-15.5,34.5,211.5,261.5,11,1,1
bdf65fa4c7fe0494ecb1de606a22a96c,2025-12-12T01:10:00Z,Milwaukee Bucks,Boston Celtics,7.5,226.5,225.0,-285.0,,,,,,,7.0,7.5,226.5,226.5,5,0,0
44417db5735da55048ecf34f53030b57,2025-12-12T01:10:00Z,Houston Rockets,Los Angeles Clippers,-8.5,221.0,-350.0,275.0,,,,,,,-9.0,-8.5,221.5,221.5,5,0,0
3c6fdfc4cdc52040e342f68bae9a58ae,2025-12-12T01:10:00Z,New Orleans Pelicans,Portland Trail Blazers,5.5,237.5,175.0,-210.0,,,,,,,5.5,6.0,237.5,237.5,5,0,0
7d1a8b194b41e9acf8acb167ada36745,2025-12-12T03:10:00Z,Sacramento Kings,Denver Nuggets,9.0,239.5,285.0,-375.0,,,,,,,9.0,9.5,239.0,239.0,5,0,0
a5415e46c5fcbe0d07e9354d57ac89f5,2025-12-13T22:30:00Z,Orlando Magic,New York Knicks,4.5,223.5,145.0,-175.0,,,,,,,,,,,3,0,0
ed94a98c5965c7f5edaf8e956db10d63,2025-12-13T00:10:00Z,Detroit Pistons,Atlanta Hawks,-6.5,233.0,-240.0,195.0,,,,,,,-7.0,-6.5,233.0,233.0,5,0,0
1718bd83d0e967f099a883a4df92d7a5,2025-12-13T00:10:00Z,Charlotte Hornets,Chicago Bulls,-1.0,236.5,-120.0,100.0,,,,,,,-1.5,-1.0,236.5,236.5,5,0,0
a365ef6ee881da6cbcbb41b19a203942,2025-12-13T00:10:00Z,Washington Wizards,Cleveland Cavaliers,14.5,238.5,540.0,-835.0,,,,,,,14.5,15.0,238.0,238.0,5,0,0
3b851b37fe204032efa750f6e6cde66e,2025-12-13T00:10:00Z,Philadelphia 76ers,Indiana Pacers,-6.0,227.5,-230.0,185.0,,,,,,,-6.0,-5.5,227.5,227.5,5,0,0
0bc4679b4f3eed7ea44f40f68984214c,2025-12-13T01:10:00Z,Memphis Grizzlies,Utah Jazz,-6.5,234.5,-250.0,205.0,,,,,,,-7.0,-6.5,234.5,234.5,5,0,0
f43f63c4089813a0e3aa0ec0c9ccdd1e,2025-12-13T01:40:00Z,Dallas Mavericks,Brooklyn Nets,-7.5,225.5,-285.0,230.0,,,,,,,-8.5,-8.0,225.5,225.5,5,0,0
3d88af9ad2aeef52ba326706e3044c2c,2025-12-13T03:10:00Z,Golden State Warriors,Minnesota Timberwolves,-1.5,225.0,-125.0,105.0,,,,,,,-2.0,-1.5,225.0,225.0,5,0,0
2bb4fb503eee5d6ccee6f70bb183ba0f,2025-12-14T02:00:00Z,Oklahoma City Thunder,San Antonio Spurs,-10.5,226.0,-452.5,350.0,,,,,,,-10.5,-10.5,226.5,226.5,4,0,0
c4e08dc18ebcb540203efc3b261b0f12,2025-12-14T20:10:00Z,Indiana Pacers,Washington Wizards,-9.5,234.5,-360.0,287.5,-5.5,120.5,-260.0,205.0,-3.5,60.5,-34.5,15.5,208.5,258.5,6,1,1
3a7d3279d992ce5c56534a4b42a7bdf8,2025-12-14T20:40:00Z,Cleveland Cavaliers,Charlotte Hornets,-11.5,235.25,-492.5,370.0,-6.5,113.5,-290.0,225.0,-3.5,56.5,-36.5,13.5,209.5,259.5,6,1,1
b26645968edf7bf48d50c748e4107fb3,2025-12-14T23:10:00Z,Atlanta Hawks,Philadelphia 76ers,-3.25,233.0,-159.5,130.0,-1.5,120.5,-142.0,116.0,-0.5,60.5,-28.5,21.5,208.5,258.5,6,1,1
9d716f72748acc7e1841a6526baebf20,2025-12-14T23:10:00Z,Brooklyn Nets,Milwaukee Bucks,1.5,218.5,105.0,-125.0,0.5,115.5,100.0,-122.0,0.5,57.5,-23.5,26.5,192.5,242.5,6,1,1
9a401a5d01d50dd4667da88d3fd2c0d5,2025-12-15T00:10:00Z,Chicago Bulls,New Orleans Pelicans,-5.5,242.0,-190.0,160.0,-2.5,118.0,-164.0,134.0,-1.5,58.5,-29.5,20.5,218.5,268.5,5,1,1
787d069f8664c6efc2c87087e15eca28,2025-12-15T00:10:00Z,Minnesota Timberwolves,Sacramento Kings,-11.5,229.5,-600.0,430.0,-7.5,118.5,-325.0,250.0,-3.5,59.5,-37.5,12.5,205.5,255.5,5,1,1
248d1ebfe78ef5cfe690e8d95677bac1,2025-12-15T01:10:00Z,Phoenix Suns,Los Angeles Lakers,2.5,228.5,110.0,-130.0,0.5,116.5,102.0,-124.0,0.5,58.5,-22.5,27.5,202.5,252.5,5,1,1
5c6a0c60d6f983cf2b5e02ae26ce5b40,2025-12-15T02:10:00Z,Portland Trail Blazers,Golden State Warriors,4.5,235.5,162.0,-200.0,3.5,114.5,142.0,-176.0,1.5,57.5,-19.5,30.5,211.5,261.5,5,1,1
42db7e7ed193f516e561773b04b56eca,2025-12-17T01:40:00Z,New York Knicks,San Antonio Spurs,-2.5,227.5,-130.0,110.0,-1.5,110.5,-130.0,106.0,-0.5,55.5,-27.5,22.5,203.5,253.5,6,1,1
122e4dc2b42cc3f47263cb1589333b79,2025-12-16T00:10:00Z,Boston Celtics,Detroit Pistons,-1.5,230.0,-123.0,105.0,-0.5,117.5,-122.0,100.0,-0.5,58.5,-26.5,23.5,204.5,254.5,11,1,1
90b0a6bec1f7e52132fa1fbfbdd9c432,2025-12-16T00:40:00Z,Miami Heat,Toronto Raptors,-6.0,237.5,-237.0,190.0,-3.5,115.5,-176.0,142.0,-1.5,57.5,-30.5,19.5,212.5,262.5,11,1,1
21aa1ed8a0bb40eb9edb2d5f94ff5457,2025-12-16T02:10:00Z,Utah Jazz,Dallas Mavericks,2.0,237.5,105.0,-125.0,0.5,122.5,102.0,-124.0,0.5,61.5,-22.5,27.5,212.5,262.5,11,1,1
28162f3e97b5e5cf014e7ea0f6958f63,2025-12-16T02:40:00Z,Denver Nuggets,Houston Rockets,-1.5,234.5,-120.0,100.0,-0.5,114.5,-122.0,100.0,-0.5,57.5,-26.5,23.5,208.5,258.5,11,1,1
258fbfcfd104d515372cebe0a5e42234,2025-12-16T03:40:00Z,Los Angeles Clippers,Memphis Grizzlies,-3.5,227.5,-160.0,132.0,-1.5,117.5,-142.0,116.0,-0.5,58.5,-27.5,22.5,202.5,252.5,11,1,1
a9cbe798da439bd9d012976f7738591b,2025-12-18T01:10:00Z,Chicago Bulls,Cleveland Cavaliers,5.0,240.5,160.0,-192.0,2.5,116.5,130.0,-160.0,1.5,58.5,-19.5,30.5,215.5,265.5,5,1,1
3dfcf87c4c788368e199e9d23b2c1831,2025-12-18T01:10:00Z,Minnesota Timberwolves,Memphis Grizzlies,-7.5,236.5,-275.0,220.0,-4.5,121.5,-210.0,168.0,-2.5,61.5,-32.5,17.5,211.5,261.5,3,1,1
ccd70223755e6c12d9d884e48b5f8ba8,2025-12-19T00:10:00Z,Charlotte Hornets,Atlanta Hawks,4.5,231.5,156.0,-186.0,,,,,,,-5.5,12.5,231.5,231.5,5,0,0
ec6d61cb03f048a8ced4fa2bb3bb7b03,2025-12-19T00:40:00Z,Brooklyn Nets,Miami Heat,7.5,226.5,240.0,-295.0,,,,,,,-1.5,16.5,227.5,227.5,5,0,0
4cece5fd2474ad97c387333029d56ccf,2025-12-19T01:10:00Z,New Orleans Pelicans,Houston Rockets,10.0,234.5,350.0,-455.0,,,,,,,6.5,15.0,234.5,234.5,5,0,0
4ea922e941f71ff0b977d5cb44ede892,2025-12-19T01:10:00Z,Oklahoma City Thunder,Los Angeles Clippers,-15.5,223.5,-1000.0,650.0,,,,,,,-21.5,-10.5,223.5,223.5,5,0,0
2eab746d00beb04428e0014d976ee174,2025-12-19T01:10:00Z,Milwaukee Bucks,Toronto Raptors,4.5,219.5,158.0,-190.0,,,,,,,-5.0,11.5,219.5,219.5,5,0,0
ef7b2498e8f96dce4acb89d95f814d37,2025-12-19T01:40:00Z,Dallas Mavericks,Detroit Pistons,5.5,231.0,180.0,-225.0,,,,,,,-4.0,13.5,231.0,231.0,5,0,0
37b74473b276a5a724ac4c141c04ce23,2025-12-19T02:10:00Z,Denver Nuggets,Orlando Magic,-7.5,233.5,-300.0,240.0,,,,,,,-16.0,1.5,233.5,233.5,5,0,0
ba3c8b74f7cc686d0346a5234bd5e11a,2025-12-19T02:10:00Z,Phoenix Suns,Golden State Warriors,1.5,229.0,100.0,-121.0,,,,,,,-8.5,9.5,229.0,229.0,5,0,0
e910fe9181a947bc12d92330014fa0b8,2025-12-19T02:10:00Z,Utah Jazz,Los Angeles Lakers,6.5,242.0,200.0,-245.0,,,,,,,-3.5,15.0,242.0,242.0,5,0,0
a63b0286fa16c7c257217fe694835392,2025-12-19T03:10:00Z,Portland Trail Blazers,Sacramento Kings,-7.5,236.0,-300.0,240.0,,,,,,,-16.5,2.0,236.0,236.0,5,0,0
2bb8bd2a1fb11a18c2b3fa2b3aac1834,2025-12-19T00:10:00Z,Indiana Pacers,New York Knicks,4.5,225.0,157.0,-185.0,2.5,115.5,130.0,-162.0,1.5,57.5,-20.5,29.5,199.5,249.5,11,1,1
6fd5c149ef554d9a2a30108f9937927c,2025-12-19T01:10:00Z,San Antonio Spurs,Washington Wizards,-14.5,240.5,-1000.0,650.0,-8.5,124.5,-420.0,310.0,-4.5,62.5,-39.5,10.5,216.5,266.5,11,1,1
5a2571e0e849552421fe262e0d7a1525,2025-12-20T00:10:00Z,Boston Celtics,Miami Heat,-6.5,233.5,-260.0,210.0,-3.5,120.5,-192.0,154.0,-1.5,60.5,-31.5,18.5,208.5,258.5,11,1,1
6461c2ab1b0d98ae1c7308e6423279fa,2025-12-20T00:10:00Z,New York Knicks,Philadelphia 76ers,-5.0,228.5,-196.0,165.0,-2.5,118.5,-164.0,134.0,-1.5,59.5,-30.5,19.5,204.5,254.5,11,1,1
9dc4b5098ecd66f37fb8120b8d7b658d,2025-12-20T00:40:00Z,Atlanta Hawks,San Antonio Spurs,2.0,241.5,115.0,-135.0,0.5,123.5,104.0,-128.0,0.5,62.5,-22.5,27.5,215.5,265.5,11,1,1
5a11d709921a7ea69f44ff8926649124,2025-12-20T00:40:00Z,Cleveland Cavaliers,Chicago Bulls,-7.5,240.5,-285.0,234.0,-4.5,116.5,-205.0,164.0,-2.5,58.5,-31.5,18.5,215.5,265.5,11,1,1
0debd2b337fd9efac1d39123e66f74d0,2025-12-20T02:40:00Z,Minnesota Timberwolves,Oklahoma City Thunder,8.0,230.5,267.0,-330.0,4.5,118.5,180.0,-225.0,2.5,59.5,-17.5,32.5,201.5,253.5,11,1,1
1facc6e030396d99f68b42ceacf86ada,2025-12-20T22:10:00Z,Denver Nuggets,Houston Rockets,-1.0,237.0,-114.0,-105.0,0.5,114.5,-108.0,-112.0,-0.5,57.5,-25.5,24.5,212.5,262.5,11,1,1
843dd6e8046c96f00161330ba41f9351,2025-12-21T00:00:00Z,Toronto Raptors,Boston Celtics,1.5,224.5,100.0,-120.0,0.5,115.5,100.0,-122.0,0.5,57.5,-22.5,27.5,198.5,248.5,11,1,1
2836ce6179d85c0752ed6e9c4603affa,2025-12-21T00:10:00Z,Philadelphia 76ers,Dallas Mavericks,-2.5,227.5,-139.0,118.0,-1.5,117.5,-134.0,110.0,-0.5,58.5,-27.5,22.5,202.5,252.5,11,1,1
666b9bc21f9a5d645dea85f16cfbc5b0,2025-12-21T00:10:00Z,New Orleans Pelicans,Indiana Pacers,-3.0,236.5,-150.0,129.5,-1.5,114.5,-134.0,110.0,-0.5,57.5,-28.5,21.5,208.5,258.5,11,1,1
751ae6f00a85c7080e95f73ed46acf4d,2025-12-21T00:40:00Z,Detroit Pistons,Charlotte Hornets,-10.5,233.5,-516.5,385.0,-5.5,113.5,-265.0,210.0,-2.5,56.5,-35.5,14.5,208.5,258.5,11,1,1
00483daf4c80ac131810a9d835477e11,2025-12-21T01:10:00Z,Memphis Grizzlies,Washington Wizards,-12.5,232.5,-707.5,500.0,-7.5,119.5,-325.0,250.0,-3.5,59.5,-36.5,13.5,209.5,259.5,11,1,1
58704c99dbeddbc39953bf87ce086ce9,2025-12-21T01:40:00Z,Golden State Warriors,Phoenix Suns,-5.5,226.5,-241.0,193.0,-3.5,116.5,-172.0,140.0,-1.5,58.5,-30.5,19.5,202.5,252.5,11,1,1
42fcbf2cfe144c3ee52a77bfe42747cd,2025-12-21T02:40:00Z,Utah Jazz,Orlando Magic,7.5,239.5,240.0,-300.0,4.5,123.5,172.0,-215.0,1.5,61.5,-16.5,33.5,216.5,266.5,11,1,1
d664cfe15b420c801c03e6c1186a12a0,2025-12-21T03:10:00Z,Sacramento Kings,Portland Trail Blazers,4.5,239.0,155.0,-182.5,2.5,122.5,130.0,-160.0,1.5,61.5,-19.5,30.5,212.5,262.5,11,1,1
4aac5cca01b9e0b4804f8754a57ff080,2025-12-21T03:40:00Z,Los Angeles Clippers,Los Angeles Lakers,2.5,229.5,115.0,-136.0,0.5,118.5,104.0,-128.0,0.5,59.5,-21.5,28.5,204.5,254.5,11,1,1
9fa62a430b5fc2df2af99523c36c201c,2025-12-21T20:40:00Z,Atlanta Hawks,Chicago Bulls,-4.5,246.5,-168.0,142.5,-2.5,119.5,-164.0,134.0,-1.5,60.5,-29.5,20.5,220.5,270.5,11,1,1
ff7964f4c86f473756171eade6735f5c,2025-12-21T23:10:00Z,Brooklyn Nets,Toronto Raptors,3.5,219.5,140.0,-165.5,1.5,106.5,116.0,-142.0,0.5,53.5,-20.5,29.5,193.5,243.5,11,1,1
3e52c319a576ac5e8f500c83994ab307,2025-12-21T23:10:00Z,New York Knicks,Miami Heat,-8.0,236.5,-330.5,265.0,-4.5,121.5,-225.0,180.0,-2.5,60.5,-33.5,16.5,211.5,261.5,11,1,1
1f2a0a04a8757ee59990da7c3f455231,2025-12-22T00:10:00Z,Minnesota Timberwolves,Milwaukee Bucks,-12.0,225.25,-685.0,475.5,-7.5,115.5,-325.0,250.0,-3.5,57.5,-36.5,13.5,196.5,248.5,11,1,1
aef0c26b3670edaf7fb230056fb4adc7,2025-12-22T00:10:00Z,Washington Wizards,San Antonio Spurs,15.5,238.5,797.5,-1325.0,9.5,122.5,330.0,-450.0,4.5,61.5,-9.5,40.5,213.5,263.5,11,1,1
8719cad3aae5d2048ba5cfe820fbf698,2025-12-22T03:10:00Z,Sacramento Kings,Houston Rockets,12.0,224.75,475.0,-668.5,6.5,109.5,260.0,-340.0,3.5,54.5,-12.5,37.5,203.5,254.5,11,1,1
4748a28fab48f8c9a17c947771fd53f5,2025-12-23T00:10:00Z,Cleveland Cavaliers,Charlotte Hornets,-9.0,238.5,-385.0,303.0,-5.5,115.5,-245.0,194.0,-2.5,58.5,-34.5,15.5,213.5,263.5,11,1,1
810ac6d569078de0087ad1d714771a6a,2025-12-23T00:40:00Z,Boston Celtics,Indiana Pacers,-10.0,224.5,-470.0,360.0,-5.5,109.5,-265.0,210.0,-2.5,54.5,-35.5,14.5,200.5,250.5,11,1,1
1c1113912a8210cba841d63b5df059fe,2025-12-23T01:10:00Z,New Orleans Pelicans,Dallas Mavericks,0.0,238.5,-111.0,-109.0,0.5,122.5,-108.0,-112.0,0.5,61.5,-25.5,24.5,212.5,262.5,11,1,1
2d23d2b9708959b7c5860abd491ebf81,2025-12-23T02:10:00Z,Denver Nuggets,Utah Jazz,-13.5,247.5,-850.0,569.0,-7.5,120.5,-385.0,290.0,-3.5,60.5,-39.5,10.5,222.5,272.5,11,1,1
0b90d514df504b11dc74b7e961b9e277,2025-12-23T02:40:00Z,Oklahoma City Thunder,Memphis Grizzlies,-16.5,228.5,-1400.0,800.0,-9.5,117.5,-550.0,390.0,-5.5,58.5,-41.5,8.5,203.5,253.5,11,1,1
51fa4ffc93b967c919ecd4700bb36ba1,2025-12-23T03:00:00Z,Portland Trail Blazers,Detroit Pistons,6.0,234.0,200.0,-240.0,3.5,120.5,148.0,-184.0,1.5,60.5,-19.5,30.5,209.5,259.5,11,1,1
3681cef1ff8c7de872f8f52134b3d101,2025-12-23T03:10:00Z,Golden State Warriors,Orlando Magic,-5.5,228.0,-210.0,180.0,-2.5,117.5,-172.0,140.0,-1.5,58.5,-30.5,19.5,203.5,253.5,11,1,1
7f3e47eb90701b1603802828cc5ea7a5,2025-12-24T00:10:00Z,Philadelphia 76ers,Brooklyn Nets,-9.5,218.5,-420.0,320.0,-5.5,112.5,-250.0,198.0,-2.5,56.5,-34.5,15.5,193.5,243.5,11,1,1
27f523bb13b709279a0c31dbfa2e2006,2025-12-24T00:10:00Z,Charlotte Hornets,Washington Wizards,-5.5,234.0,-220.0,185.0,-3.5,120.5,-178.0,144.0,-1.5,60.5,-30.5,19.5,208.5,258.5,11,1,1
7168d093c56bdbab627c94322573edb0,2025-12-24T00:40:00Z,Atlanta Hawks,Chicago Bulls,-4.5,251.25,-175.0,146.0,-2.5,121.5,-152.0,124.0,-1.5,60.5,-28.5,21.5,228.5,278.5,11,1,1
c6fd86b688bb64f5b7bdd108ac071a48,2025-12-24T00:40:00Z,Cleveland Cavaliers,New Orleans Pelicans,-9.5,242.0,-425.0,322.0,-5.5,116.0,-260.0,205.0,-3.5,58.5,-34.5,15.5,214.5,264.5,11,1,1
fb3afec527051a7bd35ebc862bca8467,2025-12-24T00:40:00Z,Indiana Pacers,Milwaukee Bucks,1.0,218.75,-102.0,-116.0,0.5,113.5,-106.0,-114.0,-0.5,56.5,-23.5,26.5,194.5,244.5,11,1,1
6d9aa23880ce3e5bdf540bda52e89fdc,2025-12-24T00:40:00Z,Miami Heat,Toronto Raptors,-5.5,228.5,-210.0,175.0,-2.5,110.5,-170.0,138.0,-1.5,55.5,-29.5,20.5,203.5,253.5,11,1,1
e62dfd044e3b8f8719ab7bca8b7b389c,2025-12-24T01:10:00Z,Dallas Mavericks,Denver Nuggets,7.5,237.5,227.5,-280.0,4.5,115.5,168.0,-210.0,2.5,58.5,-17.5,32.5,213.5,263.5,10,1,1
e71e83a0ab574fe87af5567ae09c0fdb,2025-12-24T01:10:00Z,Minnesota Timberwolves,New York Knicks,-7.0,228.0,-263.0,210.0,-3.5,116.5,-194.0,154.0,-2.5,58.5,-31.5,18.5,199.5,250.5,11,1,1
0ef5c86038bdf564d65c6c1acd964641,2025-12-24T01:40:00Z,San Antonio Spurs,Oklahoma City Thunder,5.5,234.0,189.0,-229.0,3.5,120.5,146.0,-180.0,1.5,60.5,-19.5,30.5,209.5,259.5,10,1,1
dbc7af91324284c433f0152b91bd9abb,2025-12-24T02:10:00Z,Phoenix Suns,Los Angeles Lakers,-6.5,226.0,-240.0,200.0,-3.5,115.5,-176.0,142.0,-1.5,57.5,-30.5,19.5,200.5,250.5,11,1,1
433a5462c6dbbed3ccc5d623dd68b61d,2025-12-24T02:10:00Z,Utah Jazz,Memphis Grizzlies,2.5,243.5,124.5,-145.5,1.5,125.5,110.0,-134.0,0.5,62.5,-22.5,27.5,218.5,268.5,10,1,1
01c88e9888ab9344ed32a62b225d1599,2025-12-24T03:10:00Z,Sacramento Kings,Detroit Pistons,8.5,227.5,287.0,-366.0,4.5,117.5,180.0,-225.0,2.5,58.5,-15.5,34.5,203.5,253.5,11,1,1
e6de2100b01d094ccb20332bec9bd42a,2025-12-24T03:10:00Z,Portland Trail Blazers,Orlando Magic,2.0,233.5,110.0,-130.0,0.5,119.5,104.0,-128.0,0.5,59.5,-22.5,27.5,207.5,257.5,10,1,1
aedd66eec65402eb926bb64dbbdb4634,2025-12-24T04:10:00Z,Los Angeles Clippers,Houston Rockets,7.0,220.5,228.0,-280.0,3.5,106.5,164.0,-205.0,1.5,53.5,-17.5,32.5,195.5,245.5,11,1,1
c8523141aaa4ff1f5221721713a92dca,2025-12-27T00:10:00Z,Atlanta Hawks,Miami Heat,-4.0,246.5,-175.0,146.0,-2.5,127.0,-152.0,124.0,-1.5,63.5,-28.5,21.5,220.5,270.5,11,1,1
9cafdf413bd8f5b8971a72a3e7452df6,2025-12-27T00:10:00Z,Indiana Pacers,Boston Celtics,8.5,221.25,278.0,-355.0,4.5,114.0,184.0,-230.0,2.5,57.5,-16.5,33.5,196.5,246.5,11,1,1
c4c6703488303b6b8ee37437a8910548,2025-12-27T00:10:00Z,Orlando Magic,Charlotte Hornets,-6.5,229.5,-260.0,210.0,-3.5,111.5,-188.0,152.0,-1.5,55.5,-31.5,18.5,205.5,255.5,11,1,1
2452dd9a484d893bca40a2059218e2e3,2025-12-27T00:10:00Z,Washington Wizards,Toronto Raptors,8.0,227.0,263.0,-325.0,4.5,110.0,172.0,-215.0,2.5,55.5,-16.5,33.5,201.5,251.5,11,1,1
42968c17840b14e2b40f2f6274d22367,2025-12-27T00:40:00Z,Chicago Bulls,Philadelphia 76ers,0.0,239.25,-111.0,-109.0,0.5,123.5,-106.0,-114.0,0.5,61.5,-26.5,23.5,214.5,264.5,11,1,1
5e1430770a9b7fe84382e690d0a936c3,2025-12-27T01:00:00Z,New Orleans Pelicans,Phoenix Suns,4.0,240.5,145.0,-170.0,1.5,123.5,120.0,-148.0,1.5,62.5,-20.5,29.5,215.5,265.5,11,1,1
5b9deb3a7a25c3efea6e5baf9123366f,2025-12-27T01:10:00Z,Memphis Grizzlies,Milwaukee Bucks,-5.5,227.5,-210.0,177.0,-3.5,116.5,-180.0,146.0,-1.5,58.5,-29.5,20.5,201.5,251.5,11,1,1
19d20865216afacaaeba1cc609103741,2025-12-27T02:40:00Z,Utah Jazz,Detroit Pistons,9.5,244.5,347.5,-450.0,5.5,126.0,205.0,-260.0,2.5,63.5,-15.5,34.5,219.5,269.5,11,1,1
d634cf294ef9b80b7fabb5ab9f52173d,2025-12-27T03:10:00Z,Portland Trail Blazers,Los Angeles Clippers,2.5,224.5,115.0,-135.0,0.5,108.5,106.0,-130.0,0.5,54.5,-22.5,27.5,200.5,250.5,11,1,1
610fd00419ecae5d7b13dd903de25cbe,2025-12-27T22:10:00Z,Sacramento Kings,Dallas Mavericks,3.0,232.5,125.0,-149.0,1.5,119.5,112.0,-140.0,0.5,59.5,-22.5,27.5,205.5,255.5,11,1,1
c24173f63b65a07191959a05eef00aad,2025-12-28T00:10:00Z,Orlando Magic,Denver Nuggets,4.5,235.0,161.0,-190.0,2.5,114.5,138.0,-170.0,1.5,57.5,-19.5,30.5,210.5,260.5,11,1,1
8f14dde1ee9ee3f5703f21a48c187d74,2025-12-28T00:10:00Z,New Orleans Pelicans,Phoenix Suns,5.5,238.75,184.0,-220.0,3.5,122.5,138.0,-172.0,1.5,61.5,-19.5,30.5,213.5,263.5,11,1,1
781a4b595d7dce2589c2d20ad3f93222,2025-12-28T01:10:00Z,Atlanta Hawks,New York Knicks,6.5,241.5,202.0,-250.0,3.5,125.5,154.0,-192.0,1.5,62.5,-18.5,31.5,218.5,268.5,11,1,1
6e8faa07f534f883f8220102afedc201,2025-12-28T01:10:00Z,Minnesota Timberwolves,Brooklyn Nets,-10.5,224.5,-450.0,345.0,-6.5,115.5,-280.0,220.0,-3.5,57.5,-34.5,15.5,198.5,248.5,11,1,1
18b40fafdb66c2d3d1b5ae5bd910a1a3,2025-12-28T01:10:00Z,Chicago Bulls,Milwaukee Bucks,-4.5,234.5,-185.0,155.0,-1.5,121.5,-148.0,120.0,-0.5,60.5,-31.5,18.5,209.5,259.5,11,1,1
6dad04e30835da7a486dc973ef4ea667,2025-12-28T01:10:00Z,Houston Rockets,Cleveland Cavaliers,-4.0,234.5,-180.0,150.0,-2.5,114.5,-150.0,122.0,-0.5,57.5,-30.5,19.5,211.5,261.5,11,1,1
4060c9a5793867b41fa1d9376502cbd5,2025-12-28T01:10:00Z,Miami Heat,Indiana Pacers,-8.5,230.0,-370.0,295.0,-5.5,112.5,-245.0,194.0,-2.5,56.5,-33.5,16.5,206.5,256.5,11,1,1
e9bd179429d4c3321c19a8b2b11a0e3e,2025-12-28T01:10:00Z,San Antonio Spurs,Utah Jazz,-16.5,244.75,-1300.0,795.0,-9.5,119.5,-500.0,360.0,-4.5,59.5,-42.5,7.5,222.5,272.5,11,1,1
d8f2315d3e872709e62642ca705a0f0d,2025-12-28T20:40:00Z,Toronto Raptors,Golden State Warriors,4.5,224.5,149.0,-180.0,2.5,108.5,130.0,-160.0,1.5,54.5,-20.5,29.5,199.5,249.5,11,1,1
85acdbb2f540114ab00c144da019d360,2025-12-28T20:40:00Z,Oklahoma City Thunder,Philadelphia 76ers,-15.0,227.5,-1000.0,631.0,-8.5,117.5,-430.0,320.0,-4.5,58.5,-39.5,10.5,200.5,250.5,11,1,1
8dc9891348a0160cc12730e8cc27102e,2025-12-28T23:10:00Z,Portland Trail Blazers,Boston Celtics,6.5,229.0,202.0,-245.0,3.5,118.5,160.0,-200.0,1.5,59.5,-18.5,31.5,204.5,254.5,11,1,1
bec3a10efd1bdc48af2a9352c3c68f8d,2025-12-28T23:10:00Z,Washington Wizards,Memphis Grizzlies,6.5,241.0,224.0,-275.0,3.5,122.5,154.0,-192.0,1.5,61.5,-18.5,31.5,212.5,263.5,11,1,1
81f37d4274076247e0a49787f852af4d,2025-12-29T02:10:00Z,Los Angeles Clippers,Detroit Pistons,2.5,224.5,125.0,-145.0,0.5,115.5,102.0,-124.0,0.5,57.5,-21.5,28.5,200.5,250.5,11,1,1
acc8dfaa22df3823017412f5b8f16239,2025-12-29T02:40:00Z,Los Angeles Lakers,Sacramento Kings,-12.5,234.5,-667.0,475.0,-6.5,119.5,-340.0,260.0,-3.5,59.5,-36.5,13.5,207.5,257.5,11,1,1
70a4be80a3d808e9d070d82b2de22d3c,2025-12-30T01:10:00Z,San Antonio Spurs,Cleveland Cavaliers,-5.0,242.5,-217.0,173.0,,,,,,,-5.0,-5.0,242.5,242.5,3,0,0
c4edff321b6dea385dfa13f14074bf27,2025-12-30T01:10:00Z,New Orleans Pelicans,New York Knicks,8.5,240.5,258.0,-333.0,,,,,,,8.5,8.5,240.5,240.5,3,0,0
9c98594183bc94c088762bdb7ee2aa30,2025-12-30T00:10:00Z,Charlotte Hornets,Milwaukee Bucks,3.0,228.0,129.0,-152.0,1.5,117.0,118.0,-144.0,1.5,58.5,-21.5,28.5,202.5,252.5,11,1,1
c606732d25fd3757fc55676f8b53d74a,2025-12-30T00:10:00Z,Washington Wizards,Phoenix Suns,10.5,233.5,370.0,-480.0,6.5,120.0,220.0,-280.0,3.5,60.5,-13.5,36.5,208.5,258.5,11,1,1
415c0edd2d29e3c45faea27f50e436b7,2025-12-30T00:40:00Z,Brooklyn Nets,Golden State Warriors,3.5,221.5,138.0,-161.0,2.5,106.5,122.0,-150.0,1.5,53.5,-20.5,29.5,197.5,247.5,11,1,1
708739c71140505bb47e54e7cce52061,2025-12-30T00:40:00Z,Miami Heat,Denver Nuggets,2.5,245.0,112.0,-134.0,1.5,118.5,108.0,-132.0,0.5,59.5,-22.5,27.5,219.5,269.5,11,1,1
4f2c935be086ffa25fd64dd8c312f5e8,2025-12-30T00:40:00Z,Toronto Raptors,Orlando Magic,1.5,222.0,100.0,-120.0,0.5,114.0,-102.0,-120.0,0.5,57.5,-22.5,27.5,196.5,246.5,11,1,1
372dd5178459c9a88ce52d7f1ea3ff18,2025-12-30T01:10:00Z,Oklahoma City Thunder,Atlanta Hawks,-16.5,236.0,-1300.0,780.0,-9.5,120.5,-500.0,360.0,-5.5,60.5,-40.5,10.5,210.5,260.5,11,1,1
0a3548cd90d249d4fb24e57af400071e,2025-12-30T01:10:00Z,Chicago Bulls,Minnesota Timberwolves,5.5,239.75,180.0,-220.0,2.5,116.5,136.0,-168.0,1.5,58.5,-19.5,30.5,215.5,265.5,11,1,1
b6e86789878da0c91f0278a29896ab8a,2025-12-30T01:10:00Z,Houston Rockets,Indiana Pacers,-14.5,221.5,-1050.0,680.0,-8.5,107.5,-430.0,320.0,-4.5,53.5,-39.5,10.5,196.5,246.5,11,1,1
afc40574e2fee874a032127e20c2dd0e,2025-12-30T03:40:00Z,Portland Trail Blazers,Dallas Mavericks,-2.5,234.0,-134.0,110.0,-0.5,122.0,-122.0,100.0,-0.5,61.5,-26.5,23.5,211.5,261.5,11,1,1
2645cf99b94b2d0cc4ecbfed1cf56bdf,2025-12-31T01:10:00Z,Memphis Grizzlies,Philadelphia 76ers,1.5,232.5,100.0,-120.0,0.5,119.5,-105.0,-115.0,0.5,60.5,-25.5,24.5,208.5,258.5,11,1,1
5748aa8ead4679a8d9afe966bc5e844b,2025-12-31T02:10:00Z,Utah Jazz,Boston Celtics,7.5,240.5,240.0,-300.0,4.5,124.5,176.0,-220.0,1.5,62.5,-16.5,33.5,216.5,266.5,11,1,1
12a69f98068c9e1b277528c3f7dfed72,2025-12-31T03:40:00Z,Los Angeles Lakers,Detroit Pistons,2.5,231.0,112.0,-135.0,1.5,119.0,106.0,-130.0,0.5,59.5,-21.5,28.5,206.5,256.5,11,1,1
80726b18a644735592fda8cea0575612,2025-12-31T04:10:00Z,Los Angeles Clippers,Sacramento Kings,-10.0,221.5,-450.0,340.0,-5.5,115.0,-280.0,220.0,-3.5,57.5,-34.5,15.5,198.5,248.5,11,1,1
d4543fb033b06b74cc32ab5c457e5bf1,2025-12-31T18:10:00Z,Charlotte Hornets,Golden State Warriors,6.5,234.0,210.0,-258.0,3.5,113.5,152.0,-188.0,1.5,56.5,-17.5,32.5,208.5,258.5,11,1,1
a8689888bf88aea46eb8e5e4816e0a8b,2025-12-31T20:10:00Z,Atlanta Hawks,Minnesota Timberwolves,4.5,244.0,160.0,-190.0,2.5,118.5,134.0,-164.0,1.5,59.5,-20.5,29.5,218.5,268.5,11,1,1
2c79a786a51636721f6f09b683b6e428,2025-12-31T20:10:00Z,Indiana Pacers,Orlando Magic,3.5,225.5,140.0,-165.0,1.5,116.5,120.0,-148.0,1.5,58.5,-21.5,28.5,200.5,250.5,11,1,1
aef966e3de9dde21d6030e301e8e59b3,2025-12-31T20:40:00Z,Cleveland Cavaliers,Phoenix Suns,-6.0,235.5,-236.5,195.0,-3.5,121.5,-184.0,148.0,-1.5,60.5,-30.5,19.5,210.5,260.5,10,1,1
b0362ad1064234a482e1672ab3d1c4eb,2026-01-01T00:10:00Z,Chicago Bulls,New Orleans Pelicans,1.5,245.5,100.0,-120.0,0.5,119.5,-106.0,-114.0,0.5,59.5,-23.5,26.5,220.5,270.5,11,1,1
da1f30e39aa879eeca4dcc42cde3cfbe,2026-01-01T00:10:00Z,San Antonio Spurs,New York Knicks,-1.5,236.0,-123.0,102.0,-0.5,121.5,-118.0,-104.0,-0.5,60.5,-25.5,24.5,211.5,261.5,11,1,1
95fe64ebf512b70546be9938007b1a8c,2026-01-01T00:40:00Z,Toronto Raptors,Denver Nuggets,-6.5,226.5,-272.0,220.0,-3.5,109.5,-188.0,152.0,-1.5,54.5,-31.5,18.5,200.5,250.5,11,1,1
3267add7bc04a110d6596463f7c8a495,2026-01-01T01:10:00Z,Milwaukee Bucks,Washington Wizards,-10.5,231.5,-540.0,400.0,-6.5,119.5,-280.0,220.0,-2.5,59.5,-35.5,14.5,206.5,256.5,11,1,1
08d7e57dd2b795455b1abb447f608705,2026-01-01T01:10:00Z,Oklahoma City Thunder,Portland Trail Blazers,-16.0,232.5,-1200.0,750.0,-9.5,120.5,-500.0,360.0,-4.5,60.5,-40.5,9.5,208.5,258.5,11,1,1
d30db337fe79fed0afb7b30e709a55bc,2026-01-01T23:10:00Z,Brooklyn Nets,Houston Rockets,11.0,219.5,375.0,-500.0,6.5,107.5,225.0,-290.0,2.5,53.5,-14.5,35.5,196.5,246.5,11,1,1
1352493818e6fca5d4e4b9035176d07a,2026-01-02T00:10:00Z,Detroit Pistons,Miami Heat,-5.0,239.5,-207.5,172.5,-2.5,123.5,-170.0,138.0,-1.5,61.5,-29.5,20.5,214.5,264.5,11,1,1
d35ca44a9ab1db02766f685498c50cf1,2026-01-02T01:40:00Z,Dallas Mavericks,Philadelphia 76ers,2.5,231.5,110.0,-130.0,0.5,118.5,-102.0,-120.0,0.5,59.5,-23.5,26.5,205.5,255.5,11,1,1
d6129daee74ac8e6bf618ae2d0a63c3b,2026-01-02T03:10:00Z,Sacramento Kings,Boston Celtics,9.5,227.5,318.0,-413.5,5.5,117.5,210.0,-265.0,2.5,58.5,-15.5,34.5,202.5,252.5,11,1,1
de443158bb81f3fee6a47868ca4c804b,2026-01-02T03:40:00Z,Los Angeles Clippers,Utah Jazz,-12.5,233.5,-627.5,460.0,-6.5,114.5,-325.0,250.0,-3.5,57.5,-36.5,13.5,210.5,260.5,11,1,1
14bc31e6584046b79f90aa3d42877f07,2026-01-03T00:10:00Z,Washington Wizards,Brooklyn Nets,1.5,225.5,100.0,-118.0,0.5,116.5,100.0,-122.0,0.5,58.5,-23.5,26.5,200.5,250.5,11,1,1
260d8a4037ed37bae3a5ad3725c11906,2026-01-03T00:10:00Z,Indiana Pacers,San Antonio Spurs,6.0,237.5,195.0,-235.0,3.5,123.5,152.0,-188.0,1.5,61.5,-18.5,31.5,211.5,261.5,11,1,1
8169427a266bd81487b2136378509cac,2026-01-03T00:40:00Z,New York Knicks,Atlanta Hawks,-7.5,245.5,-305.0,250.0,-4.5,126.5,-205.0,164.0,-2.5,63.5,-32.5,17.5,220.5,270.5,11,1,1
283f17b8fb6ac7f514f74eba96db03ac,2026-01-03T00:40:00Z,Cleveland Cavaliers,Denver Nuggets,-13.5,236.5,-800.0,550.0,-7.5,114.5,-355.0,270.0,-3.5,57.5,-38.5,11.5,211.5,261.5,11,1,1
8471751b12ee2bd1516db17adb92e246,2026-01-03T01:10:00Z,Milwaukee Bucks,Charlotte Hornets,-6.0,232.5,-240.0,198.0,-3.5,112.5,-184.0,148.0,-1.5,56.5,-31.5,18.5,207.5,257.5,11,1,1
c8a2140f30daa18b21cf7285846c782b,2026-01-03T01:10:00Z,Chicago Bulls,Orlando Magic,5.0,235.0,160.0,-190.0,2.5,121.5,132.0,-162.0,1.5,60.5,-20.5,29.5,210.5,260.5,11,1,1
5df215c154156e2a4bd2cc8d916bc4cc,2026-01-03T01:10:00Z,New Orleans Pelicans,Portland Trail Blazers,1.0,244.5,-105.0,-112.0,0.5,125.5,-104.0,-118.0,0.5,62.5,-23.5,26.5,218.5,268.5,11,1,1
2b41febb0964133c93ca8f77bce7ed72,2026-01-03T02:10:00Z,Phoenix Suns,Sacramento Kings,-12.5,226.75,-714.0,500.0,-7.5,117.5,-325.0,250.0,-4.5,58.5,-36.5,13.5,202.5,252.5,11,1,1
4337f25e5b76b9a54cc35833374a8213,2026-01-03T03:10:00Z,Golden State Warriors,Oklahoma City Thunder,9.0,229.5,300.0,-375.0,4.5,117.5,190.0,-240.0,2.5,58.5,-15.5,34.5,203.5,253.5,11,1,1
b9704c30e60eabed676cce7dcc882497,2026-01-03T03:40:00Z,Los Angeles Lakers,Memphis Grizzlies,-4.0,239.5,-170.0,145.0,-2.5,122.5,-158.0,128.0,-1.5,61.5,-29.5,20.5,213.5,263.5,10,1,1
bf731d1bdca3b4b13794fb2cf636054d,2026-01-03T22:10:00Z,Miami Heat,Minnesota Timberwolves,2.5,239.5,115.0,-135.0,1.5,115.5,114.0,-140.0,0.5,57.5,-22.5,27.5,213.5,263.5,11,1,1
37cc8f43c363f1d128d628902c096c2e,2026-01-04T00:40:00Z,Toronto Raptors,Atlanta Hawks,-3.5,235.25,-160.0,136.0,-1.5,119.5,-144.0,118.0,-0.5,59.5,-28.5,21.5,207.5,257.5,11,1,1
a2d14bdf31312a6dc0ff70ca56894e69,2026-01-04T00:40:00Z,New York Knicks,Philadelphia 76ers,-3.5,232.5,-164.0,140.0,-1.5,119.5,-144.0,118.0,-0.5,59.5,-28.5,21.5,207.5,257.5,11,1,1
fd9969a95c7308e171377cdc5445be4c,2026-01-04T01:10:00Z,Chicago Bulls,Charlotte Hornets,-2.0,237.5,-130.0,108.0,-1.5,115.5,-132.0,108.0,-0.5,57.5,-27.5,22.5,212.5,262.5,11,1,1
4e5f1567c38f897e5cb4a4fa445d0f3c,2026-01-04T01:10:00Z,San Antonio Spurs,Portland Trail Blazers,-8.5,238.5,-365.0,290.0,-5.5,122.5,-230.0,184.0,-2.5,61.5,-33.5,16.5,213.5,263.5,11,1,1
d35c2f55df0ee7e2b6ea6b57f58d50bf,2026-01-04T01:40:00Z,Dallas Mavericks,Houston Rockets,8.0,226.0,260.0,-330.0,4.5,109.5,180.0,-225.0,2.5,54.5,-16.5,33.5,200.5,250.5,11,1,1
014f7ba8cfa9a886677dda52ff776544,2026-01-04T03:10:00Z,Golden State Warriors,Utah Jazz,-12.5,241.0,-625.0,450.0,-7.5,116.5,-340.0,260.0,-3.5,58.5,-37.5,12.5,214.5,264.5,11,1,1
951987d285edeebef57679583da56cba,2026-01-04T03:40:00Z,Los Angeles Clippers,Boston Celtics,-1.5,220.5,-120.0,100.0,-0.5,114.0,-115.0,-105.0,-0.5,56.5,-26.5,23.5,196.5,246.5,11,1,1
a76401e257d96726afaa18aeaccf0751,2026-01-04T19:10:00Z,Cleveland Cavaliers,Detroit Pistons,-4.5,237.0,-200.0,165.0,-2.5,121.5,-162.0,132.0,-1.5,60.5,-29.5,20.5,210.5,260.5,11,1,1
31898558a940481030b3a9edb15c7752,2026-01-04T20:10:00Z,Orlando Magic,Indiana Pacers,-6.5,226.5,-245.0,200.0,-3.5,109.5,-192.0,154.0,-1.5,54.5,-31.5,18.5,201.5,251.5,11,1,1
8d6b4abe3aab876f8c65565e13ba3e88,2026-01-04T20:40:00Z,Brooklyn Nets,Denver Nuggets,2.5,222.75,124.0,-145.0,1.5,107.5,114.0,-140.0,0.5,53.5,-22.5,27.5,196.5,246.5,11,1,1
e565e947367f2a97276b2b942efec009,2026-01-04T23:10:00Z,Miami Heat,New Orleans Pelicans,-8.0,243.25,-305.0,238.0,-4.5,117.5,-215.0,172.0,-2.5,59.5,-32.5,17.5,217.5,267.5,11,1,1
202bec44cb17b3fe31e1d47a35bb4311,2026-01-04T23:10:00Z,Washington Wizards,Minnesota Timberwolves,10.0,236.0,350.0,-450.0,5.5,114.5,210.0,-265.0,3.5,57.5,-14.5,35.5,210.5,260.5,11,1,1
608ad59d278d1266aefcb70a1e1bcfea,2026-01-05T01:10:00Z,Phoenix Suns,Oklahoma City Thunder,9.5,229.0,310.0,-395.0,4.5,111.5,186.0,-235.0,2.5,55.5,-16.5,33.5,202.5,252.5,11,1,1
649a52d549fd66b3f04c0eb6a5bceea0,2026-01-05T02:10:00Z,Sacramento Kings,Milwaukee Bucks,6.5,228.5,200.0,-245.5,3.5,117.5,154.0,-192.0,1.5,58.5,-18.5,31.5,203.5,253.5,10,1,1
85525b53f1abd7179f60a447bad2579b,2026-01-05T02:40:00Z,Los Angeles Lakers,Memphis Grizzlies,-6.0,237.5,-230.0,190.0,-3.5,122.5,-188.0,152.0,-1.5,61.5,-31.5,18.5,213.5,263.5,11,1,1
07c210d30cdf1a467ae466394c9c7d2c,2026-01-06T00:10:00Z,Detroit Pistons,New York Knicks,3.0,234.5,129.0,-152.0,1.5,121.0,112.0,-138.0,1.5,60.5,-22.5,27.5,210.5,260.5,11,1,1
a4735b19c22f9709d23974fe5d264665,2026-01-06T00:40:00Z,Toronto Raptors,Atlanta Hawks,-3.5,236.5,-161.0,136.0,-1.5,121.5,-150.0,122.0,-1.5,60.5,-28.5,21.5,211.5,261.5,11,1,1
f464229b0fe5abe7e94b312d75639617,2026-01-06T00:40:00Z,Boston Celtics,Chicago Bulls,-11.0,235.5,-550.0,400.0,-6.5,114.5,-290.0,225.0,-3.5,57.5,-36.5,13.5,211.5,261.5,11,1,1
5e38fbb5e0a6277859816fe58cf76a1e,2026-01-06T01:10:00Z,Oklahoma City Thunder,Charlotte Hornets,-15.5,233.0,-1200.0,750.0,-9.5,112.5,-450.0,330.0,-4.5,56.5,-41.5,8.5,207.5,257.5,11,1,1
2b779d0954e1c4a13083ebecc0fe65b2,2026-01-06T01:10:00Z,Houston Rockets,Phoenix Suns,-8.0,224.0,-320.0,260.0,-4.5,115.5,-220.0,176.0,-2.5,57.5,-32.5,17.5,199.5,249.5,11,1,1
8e0209fcea74087227f0a490e9277381,2026-01-06T01:40:00Z,Philadelphia 76ers,Denver Nuggets,-12.0,230.5,-625.0,450.0,-6.5,112.0,-310.0,240.0,-3.5,56.5,-36.5,13.5,203.5,253.5,11,1,1
078a4d38068bc82683be486a54fc6995,2026-01-06T03:10:00Z,Los Angeles Clippers,Golden State Warriors,-1.0,224.5,-120.0,100.0,-0.5,108.5,-115.0,-105.0,-0.5,54.5,-25.5,24.5,197.5,247.5,11,1,1
45d0b580462adaf7e3969a7c2b566771,2026-01-06T03:10:00Z,Portland Trail Blazers,Utah Jazz,-6.0,244.25,-230.0,192.0,-3.5,118.5,-180.0,146.0,-1.5,59.5,-30.5,19.5,219.5,269.5,11,1,1
9da408ed494fc627f41cf7879dad7b28,2026-01-07T00:10:00Z,Indiana Pacers,Cleveland Cavaliers,5.5,236.0,181.5,-222.5,3.5,113.5,140.0,-176.0,1.5,56.5,-19.5,30.5,209.5,259.5,10,1,1
a9f11838181d24890b76e4bdb90e6ccb,2026-01-07T00:10:00Z,Washington Wizards,Orlando Magic,7.0,234.0,225.0,-276.5,4.5,120.5,164.0,-205.0,2.5,60.5,-17.5,32.5,209.5,259.5,10,1,1
7815366be2e0e1fe687f6561567a30c4,2026-01-07T01:10:00Z,New Orleans Pelicans,Los Angeles Lakers,4.75,241.5,180.0,-210.0,2.5,123.5,136.0,-168.0,1.5,62.5,-19.5,30.5,215.5,265.5,10,1,1
5c919391903d2ab585c76df3e74cfa7a,2026-01-07T01:10:00Z,Memphis Grizzlies,San Antonio Spurs,6.0,238.0,185.0,-225.0,3.5,122.5,142.0,-176.0,1.5,61.5,-19.5,30.5,213.5,263.5,10,1,1
4b318916815b4f4d69521c5170424a11,2026-01-07T01:10:00Z,Minnesota Timberwolves,Miami Heat,-5.5,237.5,-221.5,184.0,-3.5,122.5,-178.0,144.0,-1.5,61.5,-30.5,19.5,213.5,263.5,10,1,1
7b063c79884ac212df7bc7e9bcae2021,2026-01-07T04:10:00Z,Sacramento Kings,Dallas Mavericks,5.5,231.0,176.0,-210.0,3.5,119.5,140.0,-172.0,1.5,59.5,-19.5,30.5,206.5,256.5,10,1,1
36b52127c8a50addc14237a1102c9dcc,2026-01-08T00:10:00Z,Boston Celtics,Denver Nuggets,-9.5,232.5,-380.0,300.0,-5.5,113.5,-240.0,190.0,-2.5,56.5,-34.5,15.5,205.5,255.5,11,1,1
f8ad4770b141e2d532d2e6f7d251037d,2026-01-08T00:10:00Z,Charlotte Hornets,Toronto Raptors,2.5,230.0,115.0,-135.0,1.5,111.5,108.0,-132.0,0.5,55.5,-22.5,27.5,204.5,254.5,11,1,1
cfe3e784c32267b363c8ff9d65739250,2026-01-08T00:10:00Z,Detroit Pistons,Chicago Bulls,-10.5,234.25,-470.0,360.0,-5.5,113.5,-265.0,210.0,-3.5,56.5,-35.5,14.5,209.5,259.5,11,1,1
f119a48d422224c874e14f937ce65114,2026-01-08T00:10:00Z,Philadelphia 76ers,Washington Wizards,-12.5,235.5,-625.0,450.0,-7.5,120.5,-325.0,250.0,-3.5,60.5,-36.5,13.5,208.5,258.5,11,1,1
504a0d60cffd98a57eaf50c86cf45afa,2026-01-08T00:40:00Z,Atlanta Hawks,New Orleans Pelicans,-10.5,246.0,-474.0,360.0,-6.5,126.5,-280.0,220.0,-3.5,63.5,-35.5,14.5,220.5,270.5,11,1,1
ed3a6788cde6463fc37b7d0cf67784aa,2026-01-08T00:40:00Z,Brooklyn Nets,Orlando Magic,1.5,222.5,110.0,-130.0,0.5,113.5,104.0,-128.0,0.5,56.5,-22.5,27.5,197.5,247.5,11,1,1
af584a2fac77f667170eb5a980df2077,2026-01-08T00:40:00Z,New York Knicks,Los Angeles Clippers,-5.5,224.5,-220.0,183.0,-3.5,108.5,-176.0,142.0,-1.5,54.5,-30.5,19.5,199.5,249.5,11,1,1
8c0b9fa443ac208f47c09fd53ee59a74,2026-01-08T01:10:00Z,Memphis Grizzlies,Phoenix Suns,4.5,232.5,162.0,-195.0,2.5,118.5,128.0,-158.0,1.5,59.5,-20.5,29.5,205.5,255.5,11,1,1
a9ce9825514e918f225ca7272862c15f,2026-01-08T01:10:00Z,Oklahoma City Thunder,Utah Jazz,-18.5,241.5,-1429.0,800.0,-10.5,117.5,-590.0,410.0,-4.5,58.5,-43.5,6.5,217.5,267.5,11,1,1
28d5994c5329be5051cacad97e14561b,2026-01-08T02:40:00Z,San Antonio Spurs,Los Angeles Lakers,-8.0,234.75,-285.0,228.0,-4.5,120.5,-220.0,176.0,-2.5,60.5,-32.5,17.5,208.5,258.5,11,1,1
fce1843288309a53e0631830360df7de,2026-01-08T03:10:00Z,Golden State Warriors,Milwaukee Bucks,-6.5,229.5,-240.0,198.0,-3.5,118.5,-194.0,156.0,-1.5,59.5,-31.5,18.5,204.5,254.5,11,1,1
e3da2300e35d7546636c3f472586de79,2026-01-08T03:10:00Z,Portland Trail Blazers,Houston Rockets,6.5,225.0,215.0,-260.0,3.5,108.5,152.0,-188.0,1.5,54.5,-18.5,31.5,199.5,249.5,11,1,1
16c6e536fd0f3a251ee2b6e8807832e6,2026-01-09T00:10:00Z,Charlotte Hornets,Indiana Pacers,-3.5,231.5,-165.0,140.0,-2.5,112.5,-152.0,124.0,-0.5,56.5,-28.5,21.5,208.5,258.5,11,1,1
7bcad05d6ff7247eaa8fd694ffe827b3,2026-01-09T01:10:00Z,Chicago Bulls,Miami Heat,7.0,239.5,215.0,-260.0,3.5,124.0,156.0,-194.0,2.5,61.5,-17.5,32.5,216.5,266.5,11,1,1
fdd3ebdae1beac4dfc09061dcb7ce0e9,2026-01-09T01:10:00Z,Minnesota Timberwolves,Cleveland Cavaliers,-2.5,240.5,-141.0,120.0,-1.5,116.5,-138.0,112.0,-0.5,58.5,-27.5,22.5,215.5,265.5,11,1,1
93750e3dac26e8d8a90b95acd35b7cc1,2026-01-09T02:10:00Z,Utah Jazz,Dallas Mavericks,7.5,241.5,215.0,-270.0,4.5,123.5,164.0,-205.0,2.5,62.5,-16.5,33.5,211.5,264.5,11,1,1
a3c377edabf29f3f3c05c1cd03c2701c,2026-01-10T00:10:00Z,Boston Celtics,Toronto Raptors,-8.5,224.5,-342.5,269.0,-4.5,108.5,-230.0,184.0,-2.5,54.5,-33.5,16.5,199.5,249.5,10,1,1
fd952e8cdfea032fd925806405cfaec3,2026-01-10T00:10:00Z,Washington Wizards,New Orleans Pelicans,2.5,242.0,116.0,-140.0,1.5,124.5,112.0,-138.0,0.5,62.5,-22.5,27.5,214.5,264.5,11,1,1
9d66f595028bcd5407209c1aebd94b47,2026-01-10T00:10:00Z,Orlando Magic,Philadelphia 76ers,2.5,226.5,118.0,-140.0,1.5,117.5,110.0,-134.0,0.5,58.5,-23.5,26.5,202.5,252.5,11,1,1
05bfb1a6d7e7db4c0e42dbbc1dc676c1,2026-01-10T00:40:00Z,Brooklyn Nets,Los Angeles Clippers,2.5,214.5,130.0,-155.0,1.5,103.5,110.0,-134.0,0.5,51.5,-21.5,28.5,188.5,238.5,11,1,1
1840ebef9d0886493c98e78806d93860,2026-01-10T01:10:00Z,Memphis Grizzlies,Oklahoma City Thunder,4.5,229.0,155.0,-185.0,2.5,113.5,128.0,-158.0,0.5,56.5,-20.5,29.5,206.5,256.5,11,1,1
7d75d96495d567163d01fdfe8e63cd04,2026-01-10T02:10:00Z,Denver Nuggets,Atlanta Hawks,-1.5,235.5,-120.0,100.0,-0.5,121.5,-122.0,100.0,-0.5,61.5,-26.5,23.5,212.5,262.5,11,1,1
f07172e17d482fc11918839f228a1b32,2026-01-10T02:10:00Z,Phoenix Suns,New York Knicks,1.5,229.75,105.0,-125.0,0.5,118.5,104.0,-128.0,0.5,59.5,-23.5,26.5,205.5,255.5,11,1,1
c61c079ee29eb667d4e178455338ea6f,2026-01-10T03:10:00Z,Golden State Warriors,Sacramento Kings,-13.5,229.5,-700.0,493.5,-8.5,118.5,-375.0,285.0,-4.5,59.5,-38.5,11.5,203.5,253.5,10,1,1
8a5088f34ae01a11b3711cbdc527e1b2,2026-01-10T03:10:00Z,Portland Trail Blazers,Houston Rockets,6.5,221.0,210.0,-256.0,3.5,106.5,152.0,-188.0,1.5,53.5,-18.5,31.5,194.5,244.5,11,1,1
a9857db3ddf26169b1e7cccd8e789eb0,2026-01-10T03:40:00Z,Los Angeles Lakers,Milwaukee Bucks,-3.0,231.5,-162.0,136.0,-1.5,119.0,-142.0,116.0,-1.5,59.5,-27.5,22.5,206.5,256.5,10,1,1
5c1f4cbd4744f39236ce846ba75eaa57,2026-01-10T18:10:00Z,Cleveland Cavaliers,Minnesota Timberwolves,-3.5,238.5,-161.0,137.0,-1.5,115.5,-148.0,120.0,-1.5,57.5,-28.5,21.5,213.5,263.5,11,1,1
d78a7f53cae6e1e90ac824798a731dc0,2026-01-11T00:10:00Z,Indiana Pacers,Miami Heat,7.5,234.5,245.0,-303.0,4.5,121.5,180.0,-225.0,2.5,61.5,-17.5,32.5,211.5,261.5,11,1,1
dcf995525932e342bb6e393a4a14d3bc,2026-01-11T00:40:00Z,Detroit Pistons,Los Angeles Clippers,-6.5,219.0,-263.0,210.0,-3.5,105.5,-196.0,158.0,-1.5,53.5,-32.5,17.5,195.5,245.5,11,1,1
740d5ef3c31a3948f4a431b936f33533,2026-01-11T01:10:00Z,Boston Celtics,San Antonio Spurs,-1.0,230.5,-110.0,-110.0,-0.5,118.5,-114.0,-106.0,0.5,59.5,-25.5,24.5,204.5,254.5,11,1,1
abe4989954febfba84fb2bdcdd545df7,2026-01-11T01:10:00Z,Chicago Bulls,Dallas Mavericks,-3.5,233.5,-152.0,130.0,-1.5,119.5,-140.0,114.0,-0.5,59.5,-27.5,22.5,205.5,255.5,11,1,1
01a2040061104221c5e77ce703c4fe5f,2026-01-11T02:40:00Z,Utah Jazz,Charlotte Hornets,4.5,236.0,154.0,-185.0,2.5,114.5,132.0,-162.0,1.5,57.5,-19.5,30.5,212.5,262.5,11,1,1
